
> neurodeck@0.0.0 test
> node --test tests/*.test.js

TAP version 13
# Subtest: P21 дефолты по правилу 20: музыка выключена, SFX тихо, без сохранённого состояния
ok 1 - P21 дефолты по правилу 20: музыка выключена, SFX тихо, без сохранённого состояния
  ---
  duration_ms: 2.32688
  type: 'test'
  ...
# Subtest: P21 mix(): мьют категории/мастера глушит, иначе произведение; SFX-эффект ≤ 0.3
ok 2 - P21 mix(): мьют категории/мастера глушит, иначе произведение; SFX-эффект ≤ 0.3
  ---
  duration_ms: 0.842424
  type: 'test'
  ...
# Subtest: P21 setVol клампит и квантует к 5%; сохранение переживает перезагрузку (localStorage)
ok 3 - P21 setVol клампит и квантует к 5%; сохранение переживает перезагрузку (localStorage)
  ---
  duration_ms: 2.081493
  type: 'test'
  ...
# Subtest: P21 sanitize: битый JSON/чужие ключи/вне диапазона → дефолты-меш, без throw
ok 4 - P21 sanitize: битый JSON/чужие ключи/вне диапазона → дефолты-меш, без throw
  ---
  duration_ms: 1.191829
  type: 'test'
  ...
# Subtest: P21 reset(): дефолты (правило 20) + сразу в localStorage
ok 5 - P21 reset(): дефолты (правило 20) + сразу в localStorage
  ---
  duration_ms: 0.60661
  type: 'test'
  ...
# Subtest: P21 правило 20 (юнит-часть): tone() до unlock — тихий no-op, WebAudio в Node нет
ok 6 - P21 правило 20 (юнит-часть): tone() до unlock — тихий no-op, WebAudio в Node нет
  ---
  duration_ms: 0.549404
  type: 'test'
  ...
# Subtest: P21 правило 20 (source): одноразовые unlock-слушатели + гейт _unlocked в tone
ok 7 - P21 правило 20 (source): одноразовые unlock-слушатели + гейт _unlocked в tone
  ---
  duration_ms: 3.030387
  type: 'test'
  ...
# Subtest: P21 app.js: все 10 sfx разнесены по категориям через ndSfx (typeof-гвард)
ok 8 - P21 app.js: все 10 sfx разнесены по категориям через ndSfx (typeof-гвард)
  ---
  duration_ms: 12.05029
  type: 'test'
  ...
# Subtest: P21 app.js: клик-кейсы микшера + рендер секции; секция в syncModal (index.html)
ok 9 - P21 app.js: клик-кейсы микшера + рендер секции; секция в syncModal (index.html)
  ---
  duration_ms: 6.233623
  type: 'test'
  ...
# Subtest: P21 подключение: audio.js грузится до app.js и в SW-прекэше; схема сейва не тронута
ok 10 - P21 подключение: audio.js грузится до app.js и в SW-прекэше; схема сейва не тронута
  ---
  duration_ms: 1.970737
  type: 'test'
  ...
# Subtest: P21 app.js: категория тона не меняет вызовы — sfx-имена и call-сайты целы
ok 11 - P21 app.js: категория тона не меняет вызовы — sfx-имена и call-сайты целы
  ---
  duration_ms: 3.677688
  type: 'test'
  ...
# Subtest: C5: у всех 11 боссов есть artIcon из ICON_PATHS, файлы gameicons на месте и без чёрного фона
ok 12 - C5: у всех 11 боссов есть artIcon из ICON_PATHS, файлы gameicons на месте и без чёрного фона
  ---
  duration_ms: 2.118448
  type: 'test'
  ...
# Subtest: C5: bossCardHtml — game-icon портрет с эмодзи-фолббэком (extract-харнесс без artIconHtml)
ok 13 - C5: bossCardHtml — game-icon портрет с эмодзи-фолббэком (extract-харнесс без artIconHtml)
  ---
  duration_ms: 6.701165
  type: 'test'
  ...
# Subtest: C5: maybeBossIntro — лор-тост один раз на босса, только когда провинция собрана
ok 14 - C5: maybeBossIntro — лор-тост один раз на босса, только когда провинция собрана
  ---
  duration_ms: 4.50587
  type: 'test'
  ...
# Subtest: C5: победа — defeated + pendingReward, тост ведёт к выбору награды (пин волны Г2: имя артефакта в тосте)
ok 15 - C5: победа — defeated + pendingReward, тост ведёт к выбору награды (пин волны Г2: имя артефакта в тосте)
  ---
  duration_ms: 2.784287
  type: 'test'
  ...
# Subtest: C5: bossArtifactMult — pending гасит артефакт, выбор crown снимает, artifact возвращает, легаси-дефолт цел
ok 16 - C5: bossArtifactMult — pending гасит артефакт, выбор crown снимает, artifact возвращает, легаси-дефолт цел
  ---
  duration_ms: 5.043717
  type: 'test'
  ...
# Subtest: C5: chooseBossReward crown — венец сезона +1 (кап 5), повторное предложение гаснет
ok 17 - C5: chooseBossReward crown — венец сезона +1 (кап 5), повторное предложение гаснет
  ---
  duration_ms: 3.842114
  type: 'test'
  ...
# Subtest: C5: chooseBossReward ruin — восстанавливается самая дорогая руина; без руин — отказ
ok 18 - C5: chooseBossReward ruin — восстанавливается самая дорогая руина; без руин — отказ
  ---
  duration_ms: 2.922124
  type: 'test'
  ...
# Subtest: C5: chooseBossReward artifact — легаси-поведение награды, пассив включается
ok 19 - C5: chooseBossReward artifact — легаси-поведение награды, пассив включается
  ---
  duration_ms: 1.947122
  type: 'test'
  ...
# Subtest: C5: maybePendingBossReward — висящий выбор предлагается снова, битый pending очищается
ok 20 - C5: maybePendingBossReward — висящий выбор предлагается снова, битый pending очищается
  ---
  duration_ms: 2.482774
  type: 'test'
  ...
# Subtest: C5: sanitizeHero bosses — introSeen/rewardChoice/pendingReward в whitelist, мусор вычищается
ok 21 - C5: sanitizeHero bosses — introSeen/rewardChoice/pendingReward в whitelist, мусор вычищается
  ---
  duration_ms: 1.325959
  type: 'test'
  ...
# Subtest: C5: миграция v12→v13 — дефолты полей босс-арок, мусор клэмпится, idempotent
ok 22 - C5: миграция v12→v13 — дефолты полей босс-арок, мусор клэмпится, idempotent
  ---
  duration_ms: 0.645459
  type: 'test'
  ...
# Subtest: C5: интеграции в app.js — модалка, диспетчер, хук вступления, возврат pending
ok 23 - C5: интеграции в app.js — модалка, диспетчер, хук вступления, возврат pending
  ---
  duration_ms: 1.13929
  type: 'test'
  ...
# [bot] reminder 2026-9-17 sent: 2
# [bot] reminder 2026-9-17 sent: 1
# [bot] reminder -> 111 socks timeout
# [bot] reminder 2026-9-17 sent: 1
# [bot] poll: socks timeout
# Subtest: polling.js: экспорт-контракт на месте (module.exports + require.main-guard)
ok 24 - polling.js: экспорт-контракт на месте (module.exports + require.main-guard)
  ---
  duration_ms: 1.421793
  type: 'test'
  ...
# Subtest: mskParts: ключ даты и MSK-часы (UTC+3)
ok 25 - mskParts: ключ даты и MSK-часы (UTC+3)
  ---
  duration_ms: 17.897803
  type: 'test'
  ...
# Subtest: schedulerTick: в окне 21:31 шлёт только подписанным, отписанные скипает
ok 26 - schedulerTick: в окне 21:31 шлёт только подписанным, отписанные скипает
  ---
  duration_ms: 2.729165
  type: 'test'
  ...
# Subtest: schedulerTick: вне окна — тишина; повторно в тот же день — не дублирует
ok 27 - schedulerTick: вне окна — тишина; повторно в тот же день — не дублирует
  ---
  duration_ms: 1.211658
  type: 'test'
  ...
# Subtest: schedulerTick: ошибка API на одном чате не валит рассылку остальных
ok 28 - schedulerTick: ошибка API на одном чате не валит рассылку остальных
  ---
  duration_ms: 2.236656
  type: 'test'
  ...
# Subtest: handleMessage /start: подписка сохраняется + ответ с инструкцией
ok 29 - handleMessage /start: подписка сохраняется + ответ с инструкцией
  ---
  duration_ms: 0.872499
  type: 'test'
  ...
# Subtest: handleMessage /stop: отписка сохраняется, /status отражает состояние
ok 30 - handleMessage /stop: отписка сохраняется, /status отражает состояние
  ---
  duration_ms: 0.705579
  type: 'test'
  ...
# Subtest: handleMessage: неизвестная команда — ничего не шлёт и не пишет
ok 31 - handleMessage: неизвестная команда — ничего не шлёт и не пишет
  ---
  duration_ms: 0.3539
  type: 'test'
  ...
# Subtest: handleMessage: сообщение без текста — игнор
ok 32 - handleMessage: сообщение без текста — игнор
  ---
  duration_ms: 0.547361
  type: 'test'
  ...
# [bot] poll: socks timeout
# Subtest: pollLoop: ошибка API → ретрай, offset не теряется
ok 33 - pollLoop: ошибка API → ретрай, offset не теряется
  ---
  duration_ms: 9.268437
  type: 'test'
  ...
# Subtest: bot/neurodeck-bot.service (каноничный юнит в репо): file exists and parses structurally
ok 34 - bot/neurodeck-bot.service (каноничный юнит в репо): file exists and parses structurally
  ---
  duration_ms: 1.18638
  type: 'test'
  ...
# Subtest: /etc/systemd/system/neurodeck-bot.service must be a symlink to the repo copy (single source of truth, no drift possible)
ok 35 - /etc/systemd/system/neurodeck-bot.service must be a symlink to the repo copy (single source of truth, no drift possible)
  ---
  duration_ms: 0.524046
  type: 'test'
  ...
# Subtest: neurodeck-bot unit: ExecStart/EnvironmentFile targets exist on disk
ok 36 - neurodeck-bot unit: ExecStart/EnvironmentFile targets exist on disk
  ---
  duration_ms: 0.680421
  type: 'test'
  ...
# Subtest: neurodeck-bot unit: restart policy and token env are wired
ok 37 - neurodeck-bot unit: restart policy and token env are wired
  ---
  duration_ms: 0.241783
  type: 'test'
  ...
# Subtest: neurodeck-bot: token never committed to git
ok 38 - neurodeck-bot: token never committed to git
  ---
  duration_ms: 0.317898
  type: 'test'
  ...
# [bot] reminder 2026-9-20 sent: 1
# [bot] reminder 2026-9-17 sent: 1
# [bot] reminder 2026-9-17 sent: 1
# [bot] reminder 2026-9-17 sent: 1
# Subtest: normEntry: легаси true/false читаются как daily/off, мусор — дефолты
ok 39 - normEntry: легаси true/false читаются как daily/off, мусор — дефолты
  ---
  duration_ms: 2.044877
  type: 'test'
  ...
# Subtest: parseHHMM: ЧЧ:ММ валидируется
ok 40 - parseHHMM: ЧЧ:ММ валидируется
  ---
  duration_ms: 0.608712
  type: 'test'
  ...
# Subtest: schedulerTick: режим sunday — только воскресенье
ok 41 - schedulerTick: режим sunday — только воскресенье
  ---
  duration_ms: 22.531605
  type: 'test'
  ...
# Subtest: schedulerTick: кастомное время /start 08:15 срабатывает в 08:15, а не в 21:30
ok 42 - schedulerTick: кастомное время /start 08:15 срабатывает в 08:15, а не в 21:30
  ---
  duration_ms: 1.295052
  type: 'test'
  ...
# Subtest: schedulerTick: рестарт не дублирует, простой ≤2 ч — догоняет
ok 43 - schedulerTick: рестарт не дублирует, простой ≤2 ч — догоняет
  ---
  duration_ms: 4.940863
  type: 'test'
  ...
# Subtest: handleMessage: /start daily|sunday|off и /start ЧЧ:ММ применяются и подтверждаются
ok 44 - handleMessage: /start daily|sunday|off и /start ЧЧ:ММ применяются и подтверждаются
  ---
  duration_ms: 1.318408
  type: 'test'
  ...
# Subtest: handleMessage: /start при выключенном чате снова включает (v2 поверх легаси false)
ok 45 - handleMessage: /start при выключенном чате снова включает (v2 поверх легаси false)
  ---
  duration_ms: 0.513131
  type: 'test'
  ...
# Subtest: каталог: у всех 20 твердынь branch из {safe,war,trade} и next-массив существующих id
ok 46 - каталог: у всех 20 твердынь branch из {safe,war,trade} и next-массив существующих id
  ---
  duration_ms: 2.562835
  type: 'test'
  ...
# Subtest: граф ацикличен: next ссылается только вперёд по каталогу (обратные рёбра/циклы запрещены)
ok 47 - граф ацикличен: next ссылается только вперёд по каталогу (обратные рёбра/циклы запрещены)
  ---
  duration_ms: 0.344298
  type: 'test'
  ...
# Subtest: next ссылается только на соседей: цель в пределах i+1..i+2
ok 48 - next ссылается только на соседей: цель в пределах i+1..i+2
  ---
  duration_ms: 0.253279
  type: 'test'
  ...
# Subtest: связность: из sh01 по next-рёбрам достижимы все 20 твердынь
ok 49 - связность: из sh01 по next-рёбрам достижимы все 20 твердынь
  ---
  duration_ms: 0.254241
  type: 'test'
  ...
# Subtest: развилки только в пров. 2 и 4: next.length=2 ровно у sh07/sh17; пров. 1 и 3 линейны
ok 50 - развилки только в пров. 2 и 4: next.length=2 ровно у sh07/sh17; пров. 1 и 3 линейны
  ---
  duration_ms: 1.049435
  type: 'test'
  ...
# Subtest: ветки сходятся: у развилки оба пути ведут в один выход провинции; переходы провинций связаны
ok 51 - ветки сходятся: у развилки оба пути ведут в один выход провинции; переходы провинций связаны
  ---
  duration_ms: 0.343795
  type: 'test'
  ...
# Subtest: торговый характер развилок: узлы trade есть только в пров. 2 и 4
ok 52 - торговый характер развилок: узлы trade есть только в пров. 2 и 4
  ---
  duration_ms: 0.221322
  type: 'test'
  ...
# Subtest: tradeRoutesGraph 1:1 с tradeRoutes на линейном графе (совместимость)
ok 53 - tradeRoutesGraph 1:1 с tradeRoutes на линейном графе (совместимость)
  ---
  duration_ms: 0.925869
  type: 'test'
  ...
# Subtest: tradeRoutesGraph: явные рёбра парами id и map-форматом эквивалентны
ok 54 - tradeRoutesGraph: явные рёбра парами id и map-форматом эквивалентны
  ---
  duration_ms: 0.518839
  type: 'test'
  ...
# Subtest: tradeRoutesGraph по каталогу: полный захват = 21 маршруту (19 линейных + 2 диагонали развилок), кап +38%
ok 55 - tradeRoutesGraph по каталогу: полный захват = 21 маршруту (19 линейных + 2 диагонали развилок), кап +38%
  ---
  duration_ms: 0.9795
  type: 'test'
  ...
# Subtest: обход ветки: захват мимо sh08 даёт графу 8 маршрутов против 7 индексных (диагональ sh07→sh09)
ok 56 - обход ветки: захват мимо sh08 даёт графу 8 маршрутов против 7 индексных (диагональ sh07→sh09)
  ---
  duration_ms: 0.347631
  type: 'test'
  ...
# Subtest: захват одной ветки развилки: ш07+ш09 без ш08 — доход с графом не хуже индексного
ok 57 - захват одной ветки развилки: ш07+ш09 без ш08 — доход с графом не хуже индексного
  ---
  duration_ms: 0.15957
  type: 'test'
  ...
# Subtest: фоллбэк: каталог без next у всех узлов → индексная смежность (та же семантика, что tradeRoutes)
ok 58 - фоллбэк: каталог без next у всех узлов → индексная смежность (та же семантика, что tradeRoutes)
  ---
  duration_ms: 0.206029
  type: 'test'
  ...
# Subtest: robustness: неизвестные id в edges игнорируются; кривой ввод даёт 0
ok 59 - robustness: неизвестные id в edges игнорируются; кривой ввод даёт 0
  ---
  duration_ms: 0.096194
  type: 'test'
  ...
# Subtest: P17 модель: силы тиров каталога, stackPower/armyPower/defensePower — золотые значения
ok 60 - P17 модель: силы тиров каталога, stackPower/armyPower/defensePower — золотые значения
  ---
  duration_ms: 1.546539
  type: 'test'
  ...
# Subtest: P17 модель: siegePower — золотая таблица SPEC §5 (капы недели/гнева, мусорные входы)
ok 61 - P17 модель: siegePower — золотая таблица SPEC §5 (капы недели/гнева, мусорные входы)
  ---
  duration_ms: 0.288142
  type: 'test'
  ...
# Subtest: P17 модель: assaultOutcome — победа/поражение, attrition-модификаторы, клампы
ok 62 - P17 модель: assaultOutcome — победа/поражение, attrition-модификаторы, клампы
  ---
  duration_ms: 1.083475
  type: 'test'
  ...
# Subtest: P17 модель: торговые пути — индексные vs графовые (расхождение на развилке каталога), фронтир
ok 63 - P17 модель: торговые пути — индексные vs графовые (расхождение на развилке каталога), фронтир
  ---
  duration_ms: 0.903306
  type: 'test'
  ...
# Subtest: P17 модель: weekly-модификаторы — детерминизм (сезон 1, неделя 1) = «Жадность», гейт эндгейма 20/20
ok 64 - P17 модель: weekly-модификаторы — детерминизм (сезон 1, неделя 1) = «Жадность», гейт эндгейма 20/20
  ---
  duration_ms: 0.274171
  type: 'test'
  ...
# Subtest: P17 экономика: strongholdsDailyTick — оплаченный день (налоги+эконом+рынок; Хутора −10% в тике)
ok 65 - P17 экономика: strongholdsDailyTick — оплаченный день (налоги+эконом+рынок; Хутора −10% в тике)
  ---
  duration_ms: 2.916306
  type: 'test'
  ...
# Subtest: P17 экономика: strongholdsDailyTick — дефицит: gold=0, долг+1, руина на grace+step+1, иммунитет builtAt
ok 66 - P17 экономика: strongholdsDailyTick — дефицит: gold=0, долг+1, руина на grace+step+1, иммунитет builtAt
  ---
  duration_ms: 5.657458
  type: 'test'
  ...
# Subtest: P17 экономика: strongholdsDailyTick — незахваченный стартовый лагерь вне экономики
ok 67 - P17 экономика: strongholdsDailyTick — незахваченный стартовый лагерь вне экономики
  ---
  duration_ms: 2.411259
  type: 'test'
  ...
# Subtest: P17 экономика: strongholdsDailyTick — Пепел ×1.1 налог/содержание; рынок суммируется по королевству с капом 50%
ok 68 - P17 экономика: strongholdsDailyTick — Пепел ×1.1 налог/содержание; рынок суммируется по королевству с капом 50%
  ---
  duration_ms: 2.274162
  type: 'test'
  ...
# Subtest: P17 экономика: превью казны == тик (нейтральные множители); асимметрии округления и тотема — как есть
ok 69 - P17 экономика: превью казны == тик (нейтральные множители); асимметрии округления и тотема — как есть
  ---
  duration_ms: 3.456866
  type: 'test'
  ...
# Subtest: P17 осада: оборона держит — сила врага 28 vs оборона 113, гарнизон −15%, XP, week+1, win
ok 70 - P17 осада: оборона держит — сила врага 28 vs оборона 113, гарнизон −15%, XP, week+1, win
  ---
  duration_ms: 1.290676
  type: 'test'
  ...
# Subtest: P17 осада: формула гнева — min(10; 2×ghosts + wkSkips + wkTaskFails + approach)
ok 71 - P17 осада: формула гнева — min(10; 2×ghosts + wkSkips + wkTaskFails + approach)
  ---
  duration_ms: 1.342795
  type: 'test'
  ...
# Subtest: P17 осада: падение и каскад ×0.85 — capturedCount пересчитывается, прорыв останавливается
ok 72 - P17 осада: падение и каскад ×0.85 — capturedCount пересчитывается, прорыв останавливается
  ---
  duration_ms: 0.664578
  type: 'test'
  ...
# Subtest: P17 осада: анти-тупик — полный разгром возвращает прибежище sh01 в руине
ok 73 - P17 осада: анти-тупик — полный разгром возвращает прибежище sh01 в руине
  ---
  duration_ms: 0.524967
  type: 'test'
  ...
# Subtest: P17 осада: 0 захваченных — week=1 и тишина (без отчёта и хроники)
ok 74 - P17 осада: 0 захваченных — week=1 и тишина (без отчёта и хроники)
  ---
  duration_ms: 0.36707
  type: 'test'
  ...
# Subtest: P17 осада: applyStackLoss — floor-потери, стопа не исчезает полностью (SPEC §4)
ok 75 - P17 осада: applyStackLoss — floor-потери, стопа не исчезает полностью (SPEC §4)
  ---
  duration_ms: 0.378497
  type: 'test'
  ...
# Subtest: P17 штурм: requestAssault — гейты суток/армии, фронтир-редирект, тактика с 3-й твердыни
ok 76 - P17 штурм: requestAssault — гейты суток/армии, фронтир-редирект, тактика с 3-й твердыни
  ---
  duration_ms: 18.477854
  type: 'test'
  ...
# Subtest: P17 штурм: doAssault победа — потери floor, таран/лестницы расходуются, week=1, хроника/тост/XP
ok 77 - P17 штурм: doAssault победа — потери floor, таран/лестницы расходуются, week=1, хроника/тост/XP
  ---
  duration_ms: 1.854463
  type: 'test'
  ...
# Subtest: P17 штурм: таблица TACTICS реальна; doAssault поражение — без захвата, потери 10–30%, повтор завтра
ok 78 - P17 штурм: таблица TACTICS реальна; doAssault поражение — без захвата, потери 10–30%, повтор завтра
  ---
  duration_ms: 1.148423
  type: 'test'
  ...
# Subtest: P17 штурм: doAssault «Натиск» — атака ×1.25, потери ×2 (tacticAttrMult), победа дороже
ok 79 - P17 штурм: doAssault «Натиск» — атака ×1.25, потери ×2 (tacticAttrMult), победа дороже
  ---
  duration_ms: 0.91326
  type: 'test'
  ...
# Subtest: P17 штурм: assaultForecast — atk/defN на реальном каталоге, диапазон без Гильдии, точные числа со sp1
ok 80 - P17 штурм: assaultForecast — atk/defN на реальном каталоге, диапазон без Гильдии, точные числа со sp1
  ---
  duration_ms: 0.982574
  type: 'test'
  ...
# Subtest: writeCloudGeneration: чанки под nd_<gen>_<i>, плоские nd_<i> не пишутся, nd_meta — строго последняя с v3-полями
ok 81 - writeCloudGeneration: чанки под nd_<gen>_<i>, плоские nd_<i> не пишутся, nd_meta — строго последняя с v3-полями
  ---
  duration_ms: 14.239114
  type: 'test'
  ...
# Subtest: writeCloudGeneration → loadCloudChunks: roundtrip и отсечение подменённого чанка
ok 82 - writeCloudGeneration → loadCloudChunks: roundtrip и отсечение подменённого чанка
  ---
  duration_ms: 16.304903
  type: 'test'
  ...
# Subtest: loadCloudChunks: легаси-meta без g читает плоские nd_<i> как раньше (обратная совместимость)
ok 83 - loadCloudChunks: легаси-meta без g читает плоские nd_<i> как раньше (обратная совместимость)
  ---
  duration_ms: 0.663485
  type: 'test'
  ...
# Subtest: loadCloudChunks: отсутствующий чанк → ошибка (commit-pointer указывает на неполные данные)
ok 84 - loadCloudChunks: отсутствующий чанк → ошибка (commit-pointer указывает на неполные данные)
  ---
  duration_ms: 0.366741
  type: 'test'
  ...
# Subtest: сбой записи чанка (инжект): meta не сдвинута, закоммиченное поколение физически нетронуто и читается
ok 85 - сбой записи чанка (инжект): meta не сдвинута, закоммиченное поколение физически нетронуто и читается
  ---
  duration_ms: 22.445467
  type: 'test'
  ...
# Subtest: сбой записи meta (инжект): свои чанки вычищены, meta не сдвинута — облако остаётся на прошлом поколении
ok 86 - сбой записи meta (инжект): свои чанки вычищены, meta не сдвинута — облако остаётся на прошлом поколении
  ---
  duration_ms: 22.908341
  type: 'test'
  ...
# Subtest: writer conflict (CAS): чужое более свежее поколение не затирается, свои чанки вычищены
ok 87 - writer conflict (CAS): чужое более свежее поколение не затирается, свои чанки вычищены
  ---
  duration_ms: 22.292517
  type: 'test'
  ...
# Subtest: writer conflict: чужое более старое поколение → коммитим, prev указывает на него (цепочка цела)
ok 88 - writer conflict: чужое более старое поколение → коммитим, prev указывает на него (цепочка цела)
  ---
  duration_ms: 21.64062
  type: 'test'
  ...
# Subtest: ndSnapshotChecksum: детерминирован и чувствителен к одному символу
ok 89 - ndSnapshotChecksum: детерминирован и чувствителен к одному символу
  ---
  duration_ms: 0.791198
  type: 'test'
  ...
# Subtest: прод-код не пишет плоские облачные чанки и держит fault-хуки выключенными
ok 90 - прод-код не пишет плоские облачные чанки и держит fault-хуки выключенными
  ---
  duration_ms: 0.765829
  type: 'test'
  ...
# Subtest: pushCloudChunks (обёртка): конфликт прокидывается, badge offline, onDone зовётся
ok 91 - pushCloudChunks (обёртка): конфликт прокидывается, badge offline, onDone зовётся
  ---
  duration_ms: 11.40352
  type: 'test'
  ...
# Subtest: rollback: закоммиченное поколение повреждено → читатель получает prev (cloud_rollback_used)
ok 92 - rollback: закоммиченное поколение повреждено → читатель получает prev (cloud_rollback_used)
  ---
  duration_ms: 26.396484
  type: 'test'
  ...
# Subtest: rollback исчерпан: оба поколения повреждены → ошибка наружу (работают recovery-потоки)
ok 93 - rollback исчерпан: оба поколения повреждены → ошибка наружу (работают recovery-потоки)
  ---
  duration_ms: 23.158997
  type: 'test'
  ...
# Subtest: retention: живы ровно два последних поколения, чанки старшего вычищены
ok 94 - retention: живы ровно два последних поколения, чанки старшего вычищены
  ---
  duration_ms: 33.51203
  type: 'test'
  ...
# Subtest: первый v3-коммит поверх легаси-плоскости: nd_0..n-1 остаются как rollback-копия, surplus вычищен
ok 95 - первый v3-коммит поверх легаси-плоскости: nd_0..n-1 остаются как rollback-копия, surplus вычищен
  ---
  duration_ms: 12.26936
  type: 'test'
  ...
# Subtest: интеграция конфликта: чужой коммит В ПОЛЁТЕ наших чанков → более свежее поколение не затёрто
ok 96 - интеграция конфликта: чужой коммит В ПОЛЁТЕ наших чанков → более свежее поколение не затёрто
  ---
  duration_ms: 21.738696
  type: 'test'
  ...
# Subtest: onDone зовётся ровно один раз на всех путях (успех / ошибка чанка / конфликт)
ok 97 - onDone зовётся ровно один раз на всех путях (успех / ошибка чанка / конфликт)
  ---
  duration_ms: 42.925014
  type: 'test'
  ...
# Subtest: resetAllData: облако вайпается — commit-pointer первым, чанки cur- и prev-поколений
ok 98 - resetAllData: облако вайпается — commit-pointer первым, чанки cur- и prev-поколений
  ---
  duration_ms: 33.133503
  type: 'test'
  ...
# Subtest: deploy.sh: bash -n (синтаксис) и использование только переопределяемых путей
ok 99 - deploy.sh: bash -n (синтаксис) и использование только переопределяемых путей
  ---
  duration_ms: 7.112471
  type: 'test'
  ...
# Subtest: install: stage → current → env(600, telemetry OFF) → unit → реальный server отвечает; гейты прошли
ok 100 - install: stage → current → env(600, telemetry OFF) → unit → реальный server отвечает; гейты прошли
  ---
  duration_ms: 436.435887
  type: 'test'
  ...
# Subtest: install повторно на живом сервисе: env не перегенерируется, релизов больше, порт занят «самим собой» — ок
ok 101 - install повторно на живом сервисе: env не перегенерируется, релизов больше, порт занят «самим собой» — ок
  ---
  duration_ms: 930.54539
  type: 'test'
  ...
# Subtest: upgrade: атомарная смена current на новый релиз, гейты, prune старых
ok 102 - upgrade: атомарная смена current на новый релиз, гейты, prune старых
  ---
  duration_ms: 1214.683153
  type: 'test'
  ...
# Subtest: upgrade без установки: отказ с понятной причиной, ничего не ломается
ok 103 - upgrade без установки: отказ с понятной причиной, ничего не ломается
  ---
  duration_ms: 16.041409
  type: 'test'
  ...
# Subtest: upgrade с провалом гейтов: автооткат на предыдущий релиз, сервис здоров, провалившийся релиз сохранён
ok 104 - upgrade с провалом гейтов: автооткат на предыдущий релиз, сервис здоров, провалившийся релиз сохранён
  ---
  duration_ms: 1611.657381
  type: 'test'
  ...
# Subtest: release-rollback без имени: current → предыдущий релиз, гейты, более новые сохранены
ok 105 - release-rollback без имени: current → предыдущий релиз, гейты, более новые сохранены
  ---
  duration_ms: 1046.854594
  type: 'test'
  ...
# Subtest: release-rollback: именованный; на единственном релизе откатываться некуда
ok 106 - release-rollback: именованный; на единственном релизе откатываться некуда
  ---
  duration_ms: 1422.201988
  type: 'test'
  ...
# Subtest: легаси-плоская раскладка нормализуется в релиз: install переносит старый код, не теряя его
ok 107 - легаси-плоская раскладка нормализуется в релиз: install переносит старый код, не теряя его
  ---
  duration_ms: 678.288055
  type: 'test'
  ...
# Subtest: rollback (снос): unit/opt/env удалены, данные телеметрии сохранены; --purge-data удаляет
ok 108 - rollback (снос): unit/opt/env удалены, данные телеметрии сохранены; --purge-data удаляет
  ---
  duration_ms: 571.758588
  type: 'test'
  ...
# Subtest: DEFAULTS: только localhost:8095, телеметрия default off, retention 30, ноль npm-зависимостей
ok 109 - DEFAULTS: только localhost:8095, телеметрия default off, retention 30, ноль npm-зависимостей
  ---
  duration_ms: 2.011729
  type: 'test'
  ...
# Subtest: unit-файл nd-config.service изолирован от прод-бота (правило 17) и стартует через current
ok 110 - unit-файл nd-config.service изолирован от прод-бота (правило 17) и стартует через current
  ---
  duration_ms: 2.231257
  type: 'test'
  ...
# {"t":"2026-10-01T18:42:07.057Z","method":"GET","path":"/config/weekly-modifiers.v1.json","status":200,"ms":6}
# {"t":"2026-10-01T18:42:07.069Z","method":"GET","path":"/config/weekly-modifiers.v1.json","status":304,"ms":1}
# Subtest: GET /config/weekly-modifiers.v1.json: 200, байты 1:1 с артефактом, content-type, ETag→304
ok 111 - GET /config/weekly-modifiers.v1.json: 200, байты 1:1 с артефактом, content-type, ETag→304
  ---
  duration_ms: 58.281778
  type: 'test'
  ...
# {"t":"2026-10-01T18:42:07.075Z","method":"GET","path":"/config/unknown.json","status":404,"ms":0}
# {"t":"2026-10-01T18:42:07.077Z","method":"GET","path":"/env","status":404,"ms":0}
# {"t":"2026-10-01T18:42:07.078Z","method":"GET","path":"/server.cjs","status":404,"ms":0}
# {"t":"2026-10-01T18:42:07.080Z","method":"GET","path":"/config/nested/weekly-modifiers.v1.json","status":404,"ms":1}
# {"t":"2026-10-01T18:42:07.081Z","method":"GET","path":"/config/weekly-modifiers.vx.json","status":404,"ms":0}
# Subtest: GET /config/<не-whitelist>: 404 (неизвестное имя, обход, подкаталог)
ok 112 - GET /config/<не-whitelist>: 404 (неизвестное имя, обход, подкаталог)
  ---
  duration_ms: 11.629849
  type: 'test'
  ...
# {"t":"2026-10-01T18:42:07.085Z","method":"GET","path":"/healthz","status":200,"ms":1}
# {"t":"2026-10-01T18:42:07.088Z","method":"GET","path":"/","status":200,"ms":1}
# Subtest: GET / и /healthz: самопрезентация и живость (telemetry: disabled, retention)
ok 113 - GET / и /healthz: самопрезентация и живость (telemetry: disabled, retention)
  ---
  duration_ms: 7.90403
  type: 'test'
  ...
# {"t":"2026-10-01T18:42:07.098Z","method":"POST","path":"/v1/telemetry","status":503,"ms":1}
# Subtest: телеметрия выключена (default): POST → 503 telemetry_disabled, файл не создаётся
ok 114 - телеметрия выключена (default): POST → 503 telemetry_disabled, файл не создаётся
  ---
  duration_ms: 9.87709
  type: 'test'
  ...
# {"t":"2026-10-01T18:42:07.106Z","method":"POST","path":"/v1/telemetry","status":503,"ms":0}
# {"t":"2026-10-01T18:42:07.109Z","method":"POST","path":"/v1/telemetry","status":503,"ms":0}
# Subtest: fail-safe: флаг=1, но токен пустой/короткий → приёмник всё равно выключен
ok 115 - fail-safe: флаг=1, но токен пустой/короткий → приёмник всё равно выключен
  ---
  duration_ms: 10.249098
  type: 'test'
  ...
# {"t":"2026-10-01T18:42:07.113Z","method":"POST","path":"/v1/telemetry","status":401,"ms":0}
# {"t":"2026-10-01T18:42:07.116Z","method":"POST","path":"/v1/telemetry","status":401,"ms":0}
# {"t":"2026-10-01T18:42:07.120Z","method":"POST","path":"/v1/telemetry","status":202,"ms":2}
# {"t":"2026-10-01T18:42:07.122Z","method":"POST","path":"/v1/telemetry","status":202,"ms":0}
# Subtest: включённая телеметрия: без токена и с неверным → 401; с верным (Bearer и X-ND-Token) → 202 + JSONL
ok 116 - включённая телеметрия: без токена и с неверным → 401; с верным (Bearer и X-ND-Token) → 202 + JSONL
  ---
  duration_ms: 12.94267
  type: 'test'
  ...
# {"t":"2026-10-01T18:42:07.126Z","method":"POST","path":"/v1/telemetry","status":400,"ms":0}
# {"t":"2026-10-01T18:42:07.128Z","method":"POST","path":"/v1/telemetry","status":400,"ms":0}
# {"t":"2026-10-01T18:42:07.138Z","method":"POST","path":"/v1/telemetry","status":400,"ms":1}
# {"t":"2026-10-01T18:42:07.140Z","method":"POST","path":"/v1/telemetry","status":413,"ms":0}
# Subtest: валидация конверта: битый JSON → 400, массив/строка → 400, перелимит тела → 413
ok 117 - валидация конверта: битый JSON → 400, массив/строка → 400, перелимит тела → 413
  ---
  duration_ms: 18.663793
  type: 'test'
  ...
# {"t":"2026-10-01T18:42:07.149Z","method":"POST","path":"/v1/telemetry","status":202,"ms":0}
# {"t":"2026-10-01T18:42:07.152Z","method":"POST","path":"/v1/telemetry","status":202,"ms":1}
# {"t":"2026-10-01T18:42:07.153Z","method":"POST","path":"/v1/telemetry","status":202,"ms":1}
# {"t":"2026-10-01T18:42:07.155Z","method":"POST","path":"/v1/telemetry","status":429,"ms":0}
# Subtest: rate limit: после N валидных POST в окне → 429
ok 118 - rate limit: после N валидных POST в окне → 429
  ---
  duration_ms: 13.605414
  type: 'test'
  ...
# {"t":"2026-10-01T18:42:07.159Z","method":"POST","path":"/v1/telemetry","status":202,"ms":0}
# {"t":"2026-10-01T18:42:07.166Z","method":"POST","path":"/v1/telemetry","status":202,"ms":1}
# Subtest: ротация: при переполнении telemetry.jsonl → .1, данные не теряются молча
ok 119 - ротация: при переполнении telemetry.jsonl → .1, данные не теряются молча
  ---
  duration_ms: 11.377442
  type: 'test'
  ...
# {"t":"2026-10-01T18:42:07.170Z","method":"POST","path":"/v1/telemetry","status":400,"ms":0}
# Subtest: allowlist: неизвестное поле конверта → 400 envelope_field_not_allowed (имя, не значение)
ok 120 - allowlist: неизвестное поле конверта → 400 envelope_field_not_allowed (имя, не значение)
  ---
  duration_ms: 6.059843
  type: 'test'
  ...
# {"t":"2026-10-01T18:42:07.179Z","method":"POST","path":"/v1/telemetry","status":400,"ms":1}
# {"t":"2026-10-01T18:42:07.185Z","method":"POST","path":"/v1/telemetry","status":400,"ms":0}
# {"t":"2026-10-01T18:42:07.192Z","method":"POST","path":"/v1/telemetry","status":400,"ms":3}
# {"t":"2026-10-01T18:42:07.199Z","method":"POST","path":"/v1/telemetry","status":202,"ms":1}
# Subtest: allowlist: неизвестное имя события/счётчика → 400; пустое имя события → 400
ok 121 - allowlist: неизвестное имя события/счётчика → 400; пустое имя события → 400
  ---
  duration_ms: 26.219009
  type: 'test'
  ...
# {"t":"2026-10-01T18:42:07.202Z","method":"POST","path":"/v1/telemetry","status":400,"ms":0}
# {"t":"2026-10-01T18:42:07.205Z","method":"POST","path":"/v1/telemetry","status":400,"ms":0}
# {"t":"2026-10-01T18:42:07.207Z","method":"POST","path":"/v1/telemetry","status":400,"ms":1}
# {"t":"2026-10-01T18:42:07.208Z","method":"POST","path":"/v1/telemetry","status":400,"ms":0}
# {"t":"2026-10-01T18:42:07.216Z","method":"POST","path":"/v1/telemetry","status":400,"ms":1}
# {"t":"2026-10-01T18:42:07.219Z","method":"POST","path":"/v1/telemetry","status":202,"ms":0}
# Subtest: allowlist: структурные нарушения конверта → 400 (events не массив, counters не объект, ts не число)
ok 122 - allowlist: структурные нарушения конверта → 400 (events не массив, counters не объект, ts не число)
  ---
  duration_ms: 20.222563
  type: 'test'
  ...
# {"t":"2026-10-01T18:42:07.222Z","method":"POST","path":"/v1/telemetry","status":202,"ms":0}
# Subtest: redaction: на диск пишется только sanitized-проекция (href без query, ≤200, секреты замазаны)
ok 123 - redaction: на диск пишется только sanitized-проекция (href без query, ≤200, секреты замазаны)
  ---
  duration_ms: 3.326761
  type: 'test'
  ...
# Subtest: redaction: sanitizeEnvelope чист и детерминирован на реальном клиентском dump()
ok 124 - redaction: sanitizeEnvelope чист и детерминирован на реальном клиентском dump()
  ---
  duration_ms: 0.482275
  type: 'test'
  ...
# {"t":"2026-10-01T18:42:07.230Z","method":"POST","path":"/v1/telemetry","status":202,"ms":1}
# Subtest: retention: записи старше срока вычищаются при очередной записи, свежие остаются
ok 125 - retention: записи старше срока вычищаются при очередной записи, свежие остаются
  ---
  duration_ms: 7.256007
  type: 'test'
  ...
# {"t":"2026-10-01T18:42:07.235Z","method":"POST","path":"/v1/telemetry","status":202,"ms":0}
# Subtest: retention: ротированные файлы старше срока удаляются; retentionDays=0 — ничего не вычищает
ok 126 - retention: ротированные файлы старше срока удаляются; retentionDays=0 — ничего не вычищает
  ---
  duration_ms: 5.224479
  type: 'test'
  ...
# {"t":"2026-10-01T18:42:07.240Z","method":"POST","path":"/v1/telemetry","status":202,"ms":1}
# {"t":"2026-10-01T18:42:07.242Z","method":"DELETE","path":"/v1/telemetry","status":401,"ms":0}
# {"t":"2026-10-01T18:42:07.243Z","method":"DELETE","path":"/v1/telemetry","status":401,"ms":0}
# {"t":"2026-10-01T18:42:07.244Z","method":"DELETE","path":"/v1/telemetry","status":200,"ms":0}
# {"t":"2026-10-01T18:42:07.246Z","method":"DELETE","path":"/v1/telemetry","status":200,"ms":1}
# {"t":"2026-10-01T18:42:07.247Z","method":"POST","path":"/v1/telemetry","status":202,"ms":0}
# Subtest: DELETE /v1/telemetry: токен-гейт; стирает активный и ротированные; повторная запись работает
ok 127 - DELETE /v1/telemetry: токен-гейт; стирает активный и ротированные; повторная запись работает
  ---
  duration_ms: 11.592565
  type: 'test'
  ...
# {"t":"2026-10-01T18:42:07.250Z","method":"DELETE","path":"/v1/telemetry","status":200,"ms":0}
# {"t":"2026-10-01T18:42:07.252Z","method":"DELETE","path":"/v1/telemetry","status":401,"ms":0}
# Subtest: DELETE работает и при выключенном приёмнике (флаг выключает приём, не удаление данных)
ok 128 - DELETE работает и при выключенном приёмнике (флаг выключает приём, не удаление данных)
  ---
  duration_ms: 4.861955
  type: 'test'
  ...
# Subtest: allowlist drift: серверный каталог синхронен клиентскому коду и документации
ok 129 - allowlist drift: серверный каталог синхронен клиентскому коду и документации
  ---
  duration_ms: 1.584027
  type: 'test'
  ...
# Subtest: P7 daysToRuin: руина при долге > grace+step; казна и доход задерживают дефицит
ok 130 - P7 daysToRuin: руина при долге > grace+step; казна и доход задерживают дефицит
  ---
  duration_ms: 1.225178
  type: 'test'
  ...
# Subtest: P7 daysToRuin: сверка с реальным corruptionTick — ночь за ночью до руины
ok 131 - P7 daysToRuin: сверка с реальным corruptionTick — ночь за ночью до руины
  ---
  duration_ms: 0.488863
  type: 'test'
  ...
# Subtest: P7 dailyUpkeep: байт-паритет с corruptionTick по всем множителям (руина не ест)
ok 132 - P7 dailyUpkeep: байт-паритет с corruptionTick по всем множителям (руина не ест)
  ---
  duration_ms: 0.442154
  type: 'test'
  ...
# Subtest: P7 emergencyMaintenanceCost: ровно 2× дневного содержания, минимум 1💰
ok 133 - P7 emergencyMaintenanceCost: ровно 2× дневного содержания, минимум 1💰
  ---
  duration_ms: 0.174251
  type: 'test'
  ...
# Subtest: P7 applyEmergencyMaintenance: paid-ветка тика — +1 ступень всем, долг 0, вход не мутирует
ok 134 - P7 applyEmergencyMaintenance: paid-ветка тика — +1 ступень всем, долг 0, вход не мутирует
  ---
  duration_ms: 0.302424
  type: 'test'
  ...
# Subtest: P7 rebuildCost: −25% от цены постройки, ceil; мусорная цена → 0
ok 135 - P7 rebuildCost: −25% от цены постройки, ceil; мусорная цена → 0
  ---
  duration_ms: 0.151187
  type: 'test'
  ...
# Subtest: P7 проводка: strongholdsDailyTick собирает причину руины и верёт опты из corruptionTickOpts
ok 136 - P7 проводка: strongholdsDailyTick собирает причину руины и верёт опты из corruptionTickOpts
  ---
  duration_ms: 0.733069
  type: 'test'
  ...
# Subtest: P7 проводка: checkDailyReset показывает тост-причину разрушения
ok 137 - P7 проводка: checkDailyReset показывает тост-причину разрушения
  ---
  duration_ms: 2.50604
  type: 'test'
  ...
# Subtest: P7 проводка: прогноз в обзоре Твердынь + единый step/множители + экшены
ok 138 - P7 проводка: прогноз в обзоре Твердынь + единый step/множители + экшены
  ---
  duration_ms: 1.355123
  type: 'test'
  ...
# Subtest: P7 corruptionForecastDays: худший долг по королевству (руина/непостроенные/незахваченные не считаются)
ok 139 - P7 corruptionForecastDays: худший долг по королевству (руина/непостроенные/незахваченные не считаются)
  ---
  duration_ms: 1.240571
  type: 'test'
  ...
# Subtest: P7 corruptionForecastLineHtml: строка только при угрозе
ok 140 - P7 corruptionForecastLineHtml: строка только при угрозе
  ---
  duration_ms: 2.29907
  type: 'test'
  ...
# Subtest: P7 requestEmergencyMaintenance: платит 2× содержания, лечит на ступень, долг 0, сейв
ok 141 - P7 requestEmergencyMaintenance: платит 2× содержания, лечит на ступень, долг 0, сейв
  ---
  duration_ms: 0.604517
  type: 'test'
  ...
# Subtest: P7 requestEmergencyMaintenance: мало золота/чинить нечего — казна и постройки не тронуты
ok 142 - P7 requestEmergencyMaintenance: мало золота/чинить нечего — казна и постройки не тронуты
  ---
  duration_ms: 0.620862
  type: 'test'
  ...
# Subtest: P7 rebuildBuilding: скидка 25% от цены постройки, «как новая» (builtAt иммунитет), сейв
ok 143 - P7 rebuildBuilding: скидка 25% от цены постройки, «как новая» (builtAt иммунитет), сейв
  ---
  duration_ms: 0.940742
  type: 'test'
  ...
# Subtest: P7 builtTileHtml: кнопка восстановления только у worn/ruin и только с ценой
ok 144 - P7 builtTileHtml: кнопка восстановления только у worn/ruin и только с ценой
  ---
  duration_ms: 0.541683
  type: 'test'
  ...
# Subtest: P7 CSS: .sh-ruin-forecast/.sh-emergency/.sh-rebuild (статичные — без motion-гейтов)
ok 145 - P7 CSS: .sh-ruin-forecast/.sh-emergency/.sh-rebuild (статичные — без motion-гейтов)
  ---
  duration_ms: 0.276004
  type: 'test'
  ...
# Subtest: P6 buildingBreakdown: Δдоход/Δсодержание из двух прогонов превью, окупаемость ceil(цена/нетто)
ok 146 - P6 buildingBreakdown: Δдоход/Δсодержание из двух прогонов превью, окупаемость ceil(цена/нетто)
  ---
  duration_ms: 1.657798
  type: 'test'
  ...
# Subtest: P6 buildingBreakdown: существующая (не построенная) запись восстанавливается байт-в-байт
ok 147 - P6 buildingBreakdown: существующая (не построенная) запись восстанавливается байт-в-байт
  ---
  duration_ms: 0.593841
  type: 'test'
  ...
# Subtest: P6 buildingBreakdown: нетто ≤ 0 → payback null; мусорный bid → null
ok 148 - P6 buildingBreakdown: нетто ≤ 0 → payback null; мусорный bid → null
  ---
  duration_ms: 0.601714
  type: 'test'
  ...
# Subtest: P6 buildingBreakdownHtml: «до → после», цена в окупаемости, «золотом не окупается»
ok 149 - P6 buildingBreakdownHtml: «до → после», цена в окупаемости, «золотом не окупается»
  ---
  duration_ms: 0.804367
  type: 'test'
  ...
# Subtest: P6 assaultBreakdownHtml: победа — соотношение + детерминированные потери формулой модели
ok 150 - P6 assaultBreakdownHtml: победа — соотношение + детерминированные потери формулой модели
  ---
  duration_ms: 0.764547
  type: 'test'
  ...
# Subtest: P6 assaultBreakdownHtml: поражение — worst-case 30% верхним краем формулы, таран ×0.9
ok 151 - P6 assaultBreakdownHtml: поражение — worst-case 30% верхним краем формулы, таран ×0.9
  ---
  duration_ms: 0.750355
  type: 'test'
  ...
# Subtest: P6 assaultBreakdownHtml: worst-case переиспользует attrition-формулу модели (пин семантики)
ok 152 - P6 assaultBreakdownHtml: worst-case переиспользует attrition-формулу модели (пин семантики)
  ---
  duration_ms: 0.193922
  type: 'test'
  ...
# Subtest: P6 встройка: buyTileHtml несёт брейкдаун; requestAssault/requestTactic рендерят блок
ok 153 - P6 встройка: buyTileHtml несёт брейкдаун; requestAssault/requestTactic рендерят блок
  ---
  duration_ms: 1.011518
  type: 'test'
  ...
# Subtest: P6 CSS: .sh-tile-break/.assault-breakdown + eco/reduced-motion гейты
ok 154 - P6 CSS: .sh-tile-break/.assault-breakdown + eco/reduced-motion гейты
  ---
  duration_ms: 2.503515
  type: 'test'
  ...
# Subtest: event-bus: on → emit → подписчик получает payload; без подписчиков emit тих
ok 155 - event-bus: on → emit → подписчик получает payload; без подписчиков emit тих
  ---
  duration_ms: 1.93993
  type: 'test'
  ...
# Subtest: event-bus: без payload подписчик получает объект (не undefined)
ok 156 - event-bus: без payload подписчик получает объект (не undefined)
  ---
  duration_ms: 1.567252
  type: 'test'
  ...
# Subtest: event-bus: off() отписывает; падение подписчика изолировано от соседей
ok 157 - event-bus: off() отписывает; падение подписчика изолировано от соседей
  ---
  duration_ms: 0.309555
  type: 'test'
  ...
# Subtest: event-bus: лимит подписчиков — варн в консоль, но подписка работает
ok 158 - event-bus: лимит подписчиков — варн в консоль, но подписка работает
  ---
  duration_ms: 0.351727
  type: 'test'
  ...
# Subtest: storage.js: applySyncData и multi-tab-синк больше не зовут UI напрямую (шаг state-store)
ok 159 - storage.js: applySyncData и multi-tab-синк больше не зовут UI напрямую (шаг state-store)
  ---
  duration_ms: 0.591908
  type: 'test'
  ...
# Subtest: event-bus подключён в index.html до storage.js и в SW-прекэш
ok 160 - event-bus подключён в index.html до storage.js и в SW-прекэш
  ---
  duration_ms: 0.779219
  type: 'test'
  ...
# Subtest: старт: ничего не захвачено — фронтир = [0] (стартовый лагерь без предков)
ok 161 - старт: ничего не захвачено — фронтир = [0] (стартовый лагерь без предков)
  ---
  duration_ms: 2.951829
  type: 'test'
  ...
# Subtest: линейные стыки: 0..k захвачены — фронтир из одного узла k+1 (пров. 1/3 и входы пров. 2/4)
ok 162 - линейные стыки: 0..k захвачены — фронтир из одного узла k+1 (пров. 1/3 и входы пров. 2/4)
  ---
  duration_ms: 0.65257
  type: 'test'
  ...
# Subtest: развилка пров. 2: после sh07 фронтир = [sh08(war), sh09(safe)] — обе ветки открыты
ok 163 - развилка пров. 2: после sh07 фронтир = [sh08(war), sh09(safe)] — обе ветки открыты
  ---
  duration_ms: 0.247181
  type: 'test'
  ...
# Subtest: взял военную ветку (sh08): фронтир = [sh09, sh10] — обходная ветка и сходка открыты
ok 164 - взял военную ветку (sh08): фронтир = [sh09, sh10] — обходная ветка и сходка открыты
  ---
  duration_ms: 0.16686
  type: 'test'
  ...
# Subtest: обошёл военную ветку (sh08 не захвачена, дальше пройдено): sh08 остаётся целью — тупика нет
ok 165 - обошёл военную ветку (sh08 не захвачена, дальше пройдено): sh08 остаётся целью — тупика нет
  ---
  duration_ms: 0.217187
  type: 'test'
  ...
# Subtest: развилка пров. 4: после sh17 фронтир = [sh18(war), sh19(safe)]; обход sh18 не запирает
ok 166 - развилка пров. 4: после sh17 фронтир = [sh18(war), sh19(safe)]; обход sh18 не запирает
  ---
  duration_ms: 0.168603
  type: 'test'
  ...
# Subtest: полный захват: фронтир пуст; флаги-«дырки» после каскада осад дают первую дырку
ok 167 - полный захват: фронтир пуст; флаги-«дырки» после каскада осад дают первую дырку
  ---
  duration_ms: 0.251367
  type: 'test'
  ...
# Subtest: ДЕФОЛТ = ЛИНЕЙНЫЙ: минимальный индекс фронтира равен первой незахваченной (инвариант на биттернах)
ok 168 - ДЕФОЛТ = ЛИНЕЙНЫЙ: минимальный индекс фронтира равен первой незахваченной (инвариант на биттернах)
  ---
  duration_ms: 23.607232
  type: 'test'
  ...
# Subtest: фоллбэк: каталог без next → линейная семантика; без каталога — тоже
ok 169 - фоллбэк: каталог без next → линейная семантика; без каталога — тоже
  ---
  duration_ms: 0.676395
  type: 'test'
  ...
# Subtest: анти-тупик: разрывный каталог (нет рёбер в узел 6) — линейный фоллбэк вместо пустого фронтира
ok 170 - анти-тупик: разрывный каталог (нет рёбер в узел 6) — линейный фоллбэк вместо пустого фронтира
  ---
  duration_ms: 0.63377
  type: 'test'
  ...
# Subtest: robustness: не-массив флагов → пусто; короткий массив обрезается, а не валит функцию
ok 171 - robustness: не-массив флагов → пусто; короткий массив обрезается, а не валит функцию
  ---
  duration_ms: 0.250086
  type: 'test'
  ...
# Subtest: P22 ndMotionOk: сводка гейта — 4 комбинации eco × reduced-motion
ok 172 - P22 ndMotionOk: сводка гейта — 4 комбинации eco × reduced-motion
  ---
  duration_ms: 1.614893
  type: 'test'
  ...
# Subtest: P22 ndMotionOk: самодостаточен для extract-харнессов (typeof-гварды, правило 19)
ok 173 - P22 ndMotionOk: самодостаточен для extract-харнессов (typeof-гварды, правило 19)
  ---
  duration_ms: 0.376085
  type: 'test'
  ...
# Subtest: P22 матрица ND_HAPTICS: все значения — валидные типы HapticFeedback
ok 174 - P22 матрица ND_HAPTICS: все значения — валидные типы HapticFeedback
  ---
  duration_ms: 0.298397
  type: 'test'
  ...
# Subtest: P22 матрица ND_HAPTICS: P22-события reward/prep заведены
ok 175 - P22 матрица ND_HAPTICS: P22-события reward/prep заведены
  ---
  duration_ms: 0.201963
  type: 'test'
  ...
# Subtest: P22 ND_HAPTIC_VIBES: 7 типов, notification-паттерны — массивы мс
ok 176 - P22 ND_HAPTIC_VIBES: 7 типов, notification-паттерны — массивы мс
  ---
  duration_ms: 0.264327
  type: 'test'
  ...
# Subtest: P22 hapticFor: известное событие зовёт haptic(тип) и возвращает тип; неизвестное — тишина
ok 177 - P22 hapticFor: известное событие зовёт haptic(тип) и возвращает тип; неизвестное — тишина
  ---
  duration_ms: 2.131117
  type: 'test'
  ...
# Subtest: P22 haptic: браузерный фоллбэк navigator.vibrate по паттерну из матрицы
ok 178 - P22 haptic: браузерный фоллбэк navigator.vibrate по паттерну из матрицы
  ---
  duration_ms: 0.502524
  type: 'test'
  ...
# Subtest: P22 siegePrepAnimate: motion разрешён → класс вспышки на панели
ok 179 - P22 siegePrepAnimate: motion разрешён → класс вспышки на панели
  ---
  duration_ms: 0.403906
  type: 'test'
  ...
# Subtest: P22 siegePrepAnimate: гейт закрыт (reduced-motion/eco) → false, класс не вешается
ok 180 - P22 siegePrepAnimate: гейт закрыт (reduced-motion/eco) → false, класс не вешается
  ---
  duration_ms: 0.552259
  type: 'test'
  ...
# Subtest: P22 siegePrepAnimate: панели нет в DOM → false без исключения
ok 181 - P22 siegePrepAnimate: панели нет в DOM → false без исключения
  ---
  duration_ms: 0.46742
  type: 'test'
  ...
# Subtest: P22 пины: reveal-секвенция в showBossRewardChoice ограждена ndMotionOk
ok 182 - P22 пины: reveal-секвенция в showBossRewardChoice ограждена ndMotionOk
  ---
  duration_ms: 0.286369
  type: 'test'
  ...
# Subtest: P22 пины: подход/отмена/склад — siegePrepAnimate за typeof-гвардом, haptic-фоллбек сохранён
ok 183 - P22 пины: подход/отмена/склад — siegePrepAnimate за typeof-гвардом, haptic-фоллбек сохранён
  ---
  duration_ms: 0.496195
  type: 'test'
  ...
# Subtest: P22 пины: chooseBossReward — haptic через матрицу с фоллбеком
ok 184 - P22 пины: chooseBossReward — haptic через матрицу с фоллбеком
  ---
  duration_ms: 0.702404
  type: 'test'
  ...
# Subtest: P22 CSS: секвенция reveal ≤ 2с, вспышка подготовки без сдвига лэйаута
ok 185 - P22 CSS: секвенция reveal ≤ 2с, вспышка подготовки без сдвига лэйаута
  ---
  duration_ms: 0.7132
  type: 'test'
  ...
# Subtest: P22 аудит call-sites: все сырые haptic('тип') в продукте — валидные типы
ok 186 - P22 аудит call-sites: все сырые haptic('тип') в продукте — валидные типы
  ---
  duration_ms: 0.414722
  type: 'test'
  ...
# Subtest: App.js no longer declares storage functions (extracted to storage.js)
ok 187 - App.js no longer declares storage functions (extracted to storage.js)
  ---
  duration_ms: 6.417128
  type: 'test'
  ...
# Subtest: Storage.js declares all storage functions
ok 188 - Storage.js declares all storage functions
  ---
  duration_ms: 0.65288
  type: 'test'
  ...
# Subtest: App.js no longer has dead Canvas 2D combat code
ok 189 - App.js no longer has dead Canvas 2D combat code
  ---
  duration_ms: 2.379501
  type: 'test'
  ...
# Subtest: App.js: tract economy removed, stronghold systems present
ok 190 - App.js: tract economy removed, stronghold systems present
  ---
  duration_ms: 2.093912
  type: 'test'
  ...
# Subtest: No combat bridge remnants in app.js
ok 191 - No combat bridge remnants in app.js
  ---
  duration_ms: 1.242293
  type: 'test'
  ...
# Subtest: Rank-up flow chains single unified edit modal (A2: banner -> one modal)
ok 192 - Rank-up flow chains single unified edit modal (A2: banner -> one modal)
  ---
  duration_ms: 0.455243
  type: 'test'
  ...
# Subtest: Unified rank-up modal: evolution section lives inside editCardModal
ok 193 - Unified rank-up modal: evolution section lives inside editCardModal
  ---
  duration_ms: 0.236524
  type: 'test'
  ...
# Subtest: Evolution handlers wired in app.js event delegation + save applies path
ok 194 - Evolution handlers wired in app.js event delegation + save applies path
  ---
  duration_ms: 0.761583
  type: 'test'
  ...
# Subtest: Forge card locks starting rank to C (anti-exploit)
ok 195 - Forge card locks starting rank to C (anti-exploit)
  ---
  duration_ms: 0.35957
  type: 'test'
  ...
# Subtest: Forge card mints evolutionPath correctly
ok 196 - Forge card mints evolutionPath correctly
  ---
  duration_ms: 0.543956
  type: 'test'
  ...
# Subtest: All data-action handlers wired in app.js click delegation
ok 197 - All data-action handlers wired in app.js click delegation
  ---
  duration_ms: 0.621873
  type: 'test'
  ...
# Subtest: Storage.js references STATE_GUARDS but only inside function bodies
ok 198 - Storage.js references STATE_GUARDS but only inside function bodies
  ---
  duration_ms: 6.049678
  type: 'test'
  ...
# Subtest: State guards UMD wrapper is present
ok 199 - State guards UMD wrapper is present
  ---
  duration_ms: 0.195012
  type: 'test'
  ...
# Subtest: Database schema survives JSON round-trip
ok 200 - Database schema survives JSON round-trip
  ---
  duration_ms: 1.766882
  type: 'test'
  ...
# Subtest: All Animation API references in app.js use window globals
ok 201 - All Animation API references in app.js use window globals
  ---
  duration_ms: 3.321935
  type: 'test'
  ...
# Subtest: No estus (removed in v25) references remain
ok 202 - No estus (removed in v25) references remain
  ---
  duration_ms: 0.598387
  type: 'test'
  ...
# Subtest: Cache bust versions are consistent
ok 203 - Cache bust versions are consistent
  ---
  duration_ms: 0.330196
  type: 'test'
  ...
# Subtest: State-guards sanitizeCard skips unknown fields safely
ok 204 - State-guards sanitizeCard skips unknown fields safely
  ---
  duration_ms: 0.221502
  type: 'test'
  ...
# Subtest: Stat values are clamped during import to safe range
ok 205 - Stat values are clamped during import to safe range
  ---
  duration_ms: 0.135173
  type: 'test'
  ...
# Subtest: Forge form does not expose SSS rank option in HTML
ok 206 - Forge form does not expose SSS rank option in HTML
  ---
  duration_ms: 0.155923
  type: 'test'
  ...
# Subtest: Storage snapshot includes all critical game fields
ok 207 - Storage snapshot includes all critical game fields
  ---
  duration_ms: 0.232429
  type: 'test'
  ...
# Subtest: Storage: chunks.push loop has emergency cap at 200 iterations
ok 208 - Storage: chunks.push loop has emergency cap at 200 iterations
  ---
  duration_ms: 0.183095
  type: 'test'
  ...
# Subtest: Storage: saveToIDB sets window._lastIDBSaveAt hook
ok 209 - Storage: saveToIDB sets window._lastIDBSaveAt hook
  ---
  duration_ms: 0.097586
  type: 'test'
  ...
# Subtest: Storage: saveMeta guards against finished=true (defensive)
ok 210 - Storage: saveMeta guards against finished=true (defensive)
  ---
  duration_ms: 0.104968
  type: 'test'
  ...
# Subtest: Regression: lastWeekReset is declared (was silently killing all saves after combat removal)
ok 211 - Regression: lastWeekReset is declared (was silently killing all saves after combat removal)
  ---
  duration_ms: 0.204156
  type: 'test'
  ...
# Subtest: Regression: checkDailyReset guards fresh install (no save before onboarding)
ok 212 - Regression: checkDailyReset guards fresh install (no save before onboarding)
  ---
  duration_ms: 0.167271
  type: 'test'
  ...
# Subtest: Regression: tract economy fully removed
ok 213 - Regression: tract economy fully removed
  ---
  duration_ms: 1.111007
  type: 'test'
  ...
# Subtest: нет легаси-строк вырезанных систем в продукте
ok 214 - нет легаси-строк вырезанных систем в продукте
  ---
  duration_ms: 15.223462
  type: 'test'
  ...
# Subtest: XP ledger: состав множителей заморожен, округление одно — после prestige
ok 215 - XP ledger: состав множителей заморожен, округление одно — после prestige
  ---
  duration_ms: 2.121743
  type: 'test'
  ...
# Subtest: XP ledger: математика эквивалентна исторической формуле
ok 216 - XP ledger: математика эквивалентна исторической формуле
  ---
  duration_ms: 0.588072
  type: 'test'
  ...
# Subtest: XP ledger: identity — все m=1 без round возвращает base; round округляет
ok 217 - XP ledger: identity — все m=1 без round возвращает base; round округляет
  ---
  duration_ms: 0.287891
  type: 'test'
  ...
# Subtest: perf: defaults — mode is auto when storage empty
ok 218 - perf: defaults — mode is auto when storage empty
  ---
  duration_ms: 3.285709
  type: 'test'
  ...
# Subtest: perf: setMode rejects invalid values
ok 219 - perf: setMode rejects invalid values
  ---
  duration_ms: 0.603415
  type: 'test'
  ...
# Subtest: perf: setMode accepts all three valid modes
ok 220 - perf: setMode accepts all three valid modes
  ---
  duration_ms: 0.302064
  type: 'test'
  ...
# Subtest: perf: localStorage persists non-default mode
ok 221 - perf: localStorage persists non-default mode
  ---
  duration_ms: 0.21976
  type: 'test'
  ...
# Subtest: perf: setMode(auto) clears storage key (NO clutter)
ok 222 - perf: setMode(auto) clears storage key (NO clutter)
  ---
  duration_ms: 0.26678
  type: 'test'
  ...
# Subtest: perf: persisted mode loaded on init
ok 223 - perf: persisted mode loaded on init
  ---
  duration_ms: 0.176574
  type: 'test'
  ...
# Subtest: perf: corrupted mode value falls back to auto
ok 224 - perf: corrupted mode value falls back to auto
  ---
  duration_ms: 0.248774
  type: 'test'
  ...
# Subtest: perf: auto + systemNormal → not reduced
ok 225 - perf: auto + systemNormal → not reduced
  ---
  duration_ms: 0.191818
  type: 'test'
  ...
# Subtest: perf: auto + systemReduced → reduced=true
ok 226 - perf: auto + systemReduced → reduced=true
  ---
  duration_ms: 0.462524
  type: 'test'
  ...
# Subtest: perf: low → reduced=true regardless of system
ok 227 - perf: low → reduced=true regardless of system
  ---
  duration_ms: 0.677676
  type: 'test'
  ...
# Subtest: perf: effects-off → reduced=true, isEffectsOff=true
ok 228 - perf: effects-off → reduced=true, isEffectsOff=true
  ---
  duration_ms: 1.361543
  type: 'test'
  ...
# Subtest: perf: isLowEffect=true on low-memory device (auto mode)
ok 229 - perf: isLowEffect=true on low-memory device (auto mode)
  ---
  duration_ms: 0.445318
  type: 'test'
  ...
# Subtest: perf: isLowEffect=true on few-core device (auto mode)
ok 230 - perf: isLowEffect=true on few-core device (auto mode)
  ---
  duration_ms: 0.138879
  type: 'test'
  ...
# Subtest: perf: isLowEffect=false on modern device (auto mode)
ok 231 - perf: isLowEffect=false on modern device (auto mode)
  ---
  duration_ms: 0.113239
  type: 'test'
  ...
# Subtest: perf: change event from OS flips prefersReducedMotion
ok 232 - perf: change event from OS flips prefersReducedMotion
  ---
  duration_ms: 0.234482
  type: 'test'
  ...
# Subtest: perf: onChange fires when mode changes
ok 233 - perf: onChange fires when mode changes
  ---
  duration_ms: 0.207761
  type: 'test'
  ...
# Subtest: perf: onChange ignores non-functions
ok 234 - perf: onChange ignores non-functions
  ---
  duration_ms: 0.238097
  type: 'test'
  ...
# Subtest: perf: onChange hand­ler throwing does not break others
ok 235 - perf: onChange hand­ler throwing does not break others
  ---
  duration_ms: 0.183556
  type: 'test'
  ...
# Subtest: perf: works when localStorage throws
ok 236 - perf: works when localStorage throws
  ---
  duration_ms: 0.189143
  type: 'test'
  ...
# Subtest: perf: works when matchMedia is missing
ok 237 - perf: works when matchMedia is missing
  ---
  duration_ms: 0.156664
  type: 'test'
  ...
# Subtest: perf.js exposes UMD module via module.exports
ok 238 - perf.js exposes UMD module via module.exports
  ---
  duration_ms: 1.09964
  type: 'test'
  ...
# Subtest: isEco covers low/effects-off union (compat semantics)
ok 239 - isEco covers low/effects-off union (compat semantics)
  ---
  duration_ms: 0.385869
  type: 'test'
  ...
# Subtest: default mode is auto, default eco is false
ok 240 - default mode is auto, default eco is false
  ---
  duration_ms: 0.216114
  type: 'test'
  ...
# Subtest: setMode(eco) flips effective eco on
ok 241 - setMode(eco) flips effective eco on
  ---
  duration_ms: 0.195083
  type: 'test'
  ...
# Subtest: setMode(performance) flips effective eco off
ok 242 - setMode(performance) flips effective eco off
  ---
  duration_ms: 0.239069
  type: 'test'
  ...
# Subtest: setMode(auto) follows systemReducedMotion
ok 243 - setMode(auto) follows systemReducedMotion
  ---
  duration_ms: 0.175253
  type: 'test'
  ...
# Subtest: invalid mode is rejected, current mode preserved
ok 244 - invalid mode is rejected, current mode preserved
  ---
  duration_ms: 0.249666
  type: 'test'
  ...
# Subtest: VALID_MODES is exposed and reasonable
ok 245 - VALID_MODES is exposed and reasonable
  ---
  duration_ms: 0.783515
  type: 'test'
  ...
# Subtest: CHANGE event fires listener only on actual eco transition
ok 246 - CHANGE event fires listener only on actual eco transition
  ---
  duration_ms: 1.515874
  type: 'test'
  ...
# Subtest: localStorage round-trip: set eco, require fresh, getMode reflects storage
ok 247 - localStorage round-trip: set eco, require fresh, getMode reflects storage
  ---
  duration_ms: 0.538167
  type: 'test'
  ...
# Subtest: index.html loads perf-compat right after perf.js, both before state-guards/storage
ok 248 - index.html loads perf-compat right after perf.js, both before state-guards/storage
  ---
  duration_ms: 0.22645
  type: 'test'
  ...
# Subtest: index.html cache-bust is uniform across all JS files (single version, no literal)
ok 249 - index.html cache-bust is uniform across all JS files (single version, no literal)
  ---
  duration_ms: 0.773161
  type: 'test'
  ...
# Subtest: CSS contains :root.perf-eco selector
ok 250 - CSS contains :root.perf-eco selector
  ---
  duration_ms: 0.111738
  type: 'test'
  ...
# Subtest: CSS reduces animation-duration in eco mode
ok 251 - CSS reduces animation-duration in eco mode
  ---
  duration_ms: 0.152919
  type: 'test'
  ...
# Subtest: CSS reduces transition-duration in eco mode
ok 252 - CSS reduces transition-duration in eco mode
  ---
  duration_ms: 0.147662
  type: 'test'
  ...
# Subtest: CSS disables backdrop-filter in eco mode
ok 253 - CSS disables backdrop-filter in eco mode
  ---
  duration_ms: 0.144557
  type: 'test'
  ...
# Subtest: CSS hides dust canvas in eco mode
ok 254 - CSS hides dust canvas in eco mode
  ---
  duration_ms: 0.157796
  type: 'test'
  ...
# Subtest: CSS hides mist layer in eco mode
ok 255 - CSS hides mist layer in eco mode
  ---
  duration_ms: 0.175723
  type: 'test'
  ...
# Subtest: app.js exposes __ndSetEcoMode global
ok 256 - app.js exposes __ndSetEcoMode global
  ---
  duration_ms: 0.148483
  type: 'test'
  ...
# Subtest: app.js __ndSetEcoMode toggles dustRunning
ok 257 - app.js __ndSetEcoMode toggles dustRunning
  ---
  duration_ms: 0.227663
  type: 'test'
  ...
# Subtest: app.js __ndSetEcoMode toggles particlesRunning
ok 258 - app.js __ndSetEcoMode toggles particlesRunning
  ---
  duration_ms: 0.122304
  type: 'test'
  ...
# Subtest: app.js set-perf dispatcher applies mode change
ok 259 - app.js set-perf dispatcher applies mode change
  ---
  duration_ms: 0.15986
  type: 'test'
  ...
# Subtest: app.js set-perf notifies user with five-mode map
ok 260 - app.js set-perf notifies user with five-mode map
  ---
  duration_ms: 0.152569
  type: 'test'
  ...
# Subtest: app.js initPerfMode is invoked at startup
ok 261 - app.js initPerfMode is invoked at startup
  ---
  duration_ms: 0.241051
  type: 'test'
  ...
# Subtest: app.js __ndSetEcoMode is wrapped in try/catch for safety
ok 262 - app.js __ndSetEcoMode is wrapped in try/catch for safety
  ---
  duration_ms: 0.182805
  type: 'test'
  ...
# Subtest: perf.js init() does not throw when matchMedia unavailable
ok 263 - perf.js init() does not throw when matchMedia unavailable
  ---
  duration_ms: 0.567531
  type: 'test'
  ...
# Subtest: perf.js itself does not dead-end or leave orphan state
ok 264 - perf.js itself does not dead-end or leave orphan state
  ---
  duration_ms: 0.107512
  type: 'test'
  ...
# Subtest: perf.js file size is reasonable (<300 lines)
ok 265 - perf.js file size is reasonable (<300 lines)
  ---
  duration_ms: 0.151297
  type: 'test'
  ...
# Subtest: P22 perf budget: app.js и style.css в пределах бюджета
ok 266 - P22 perf budget: app.js и style.css в пределах бюджета
  ---
  duration_ms: 0.187511
  type: 'test'
  ...
# Subtest: P22 perf budget: суммарный JS+CSS из SW-прекэша в пределах бюджета
ok 267 - P22 perf budget: суммарный JS+CSS из SW-прекэша в пределах бюджета
  ---
  duration_ms: 0.998678
  type: 'test'
  ...
# Subtest: P22 perf budget: версии в SW-прекэше едины и совпадают с index.html
ok 268 - P22 perf budget: версии в SW-прекэше едины и совпадают с index.html
  ---
  duration_ms: 0.358908
  type: 'test'
  ...
# Subtest: каталог PROVINCES: 4 записи, у каждой rule.text и mods {incomeMult, upkeepMult, siegeMult} в (0; 3]
ok 269 - каталог PROVINCES: 4 записи, у каждой rule.text и mods {incomeMult, upkeepMult, siegeMult} в (0; 3]
  ---
  duration_ms: 2.453451
  type: 'test'
  ...
# Subtest: инвариант неактивных правил: active=false ⇒ mods нейтральны (объявленное ≠ применяемое)
ok 270 - инвариант неактивных правил: active=false ⇒ mods нейтральны (объявленное ≠ применяемое)
  ---
  duration_ms: 0.882304
  type: 'test'
  ...
# Subtest: правила §2 CAMPAIGN-2.0: Хутора upkeep ×0.9; Пепел income ×1.1 и upkeep ×1.1; Крепости/Гниль нейтральны
ok 271 - правила §2 CAMPAIGN-2.0: Хутора upkeep ×0.9; Пепел income ×1.1 и upkeep ×1.1; Крепости/Гниль нейтральны
  ---
  duration_ms: 0.278468
  type: 'test'
  ...
# Subtest: provinceIncomeMult: каталог (Пепел 1.1, остальные 1.0); провинция строкой; неизвестная — нейтрально
ok 272 - provinceIncomeMult: каталог (Пепел 1.1, остальные 1.0); провинция строкой; неизвестная — нейтрально
  ---
  duration_ms: 0.331587
  type: 'test'
  ...
# Subtest: provinceUpkeepMult: каталог (Хутора 0.9, Пепел 1.1); неизвестная провинция — нейтрально
ok 273 - provinceUpkeepMult: каталог (Хутора 0.9, Пепел 1.1); неизвестная провинция — нейтрально
  ---
  duration_ms: 0.244918
  type: 'test'
  ...
# Subtest: provinceSiegeMult: в каталоге нейтрален у всех 4, но читает каталог (синтетический siegeMult 1.25 виден)
ok 274 - provinceSiegeMult: в каталоге нейтрален у всех 4, но читает каталог (синтетический siegeMult 1.25 виден)
  ---
  duration_ms: 0.201452
  type: 'test'
  ...
# Subtest: robustness: каталог без PROVINCES / кривые значения mods → 1 (экономика не ломается)
ok 275 - robustness: каталог без PROVINCES / кривые значения mods → 1 (экономика не ломается)
  ---
  duration_ms: 0.340771
  type: 'test'
  ...
# Subtest: corruptionTick: opts.provinceUpkeepMult применяется к содержанию (может быть >1), без опции — совместимость
ok 276 - corruptionTick: opts.provinceUpkeepMult применяется к содержанию (может быть >1), без опции — совместимость
  ---
  duration_ms: 0.584887
  type: 'test'
  ...
# Subtest: corruptionTick: provinceUpkeepMult перемножается с доктриной upkeepMult одним округлением
ok 277 - corruptionTick: provinceUpkeepMult перемножается с доктриной upkeepMult одним округлением
  ---
  duration_ms: 0.565279
  type: 'test'
  ...
# Subtest: app.js: модификаторы применены ровно в 2 местах каждый (тик + превью) — parity тик/превью не расходится
ok 278 - app.js: модификаторы применены ровно в 2 местах каждый (тик + превью) — parity тик/превью не расходится
  ---
  duration_ms: 4.968405
  type: 'test'
  ...
# Subtest: P5: provinceSiegeMult — превью осадной тревоги и тик runWeeklySiege дают одну силу удара
ok 279 - P5: provinceSiegeMult — превью осадной тревоги и тик runWeeklySiege дают одну силу удара
  ---
  duration_ms: 8.543509
  type: 'test'
  ...
# Subtest: getCloudStorage: заглушка вне Telegram (platform unknown) — не облако
ok 280 - getCloudStorage: заглушка вне Telegram (platform unknown) — не облако
  ---
  duration_ms: 2.907843
  type: 'test'
  ...
# Subtest: pushCloudChunks: nd_meta.t = savedAt снапшота, а не момент завершения пуша
ok 281 - pushCloudChunks: nd_meta.t = savedAt снапшота, а не момент завершения пуша
  ---
  duration_ms: 12.655078
  type: 'test'
  ...
# Subtest: autoCloudSave: форс-пуш во время летящего — в очередь, без второго параллельного пуша
ok 282 - autoCloudSave: форс-пуш во время летящего — в очередь, без второго параллельного пуша
  ---
  duration_ms: 0.570635
  type: 'test'
  ...
# Subtest: tryCloudRecovery: работает после ITP-чистки (без ever_saved), помнит отказ, держит старт-колоду
ok 283 - tryCloudRecovery: работает после ITP-чистки (без ever_saved), помнит отказ, держит старт-колоду
  ---
  duration_ms: 36.847116
  type: 'test'
  ...
# Subtest: deepRecovery и smartCloudSync: гварды согласованы с новым recovery-потоком
ok 284 - deepRecovery и smartCloudSync: гварды согласованы с новым recovery-потоком
  ---
  duration_ms: 0.51304
  type: 'test'
  ...
# Subtest: validDisplayText: «только эмодзи» и пустота отклоняются, длина обрезается
ok 285 - validDisplayText: «только эмодзи» и пустота отклоняются, длина обрезается
  ---
  duration_ms: 1.533972
  type: 'test'
  ...
# Subtest: boot: старт-колода придерживается до ответа облака, else-ветка без глубокого автоскана
ok 286 - boot: старт-колода придерживается до ответа облака, else-ветка без глубокого автоскана
  ---
  duration_ms: 0.374261
  type: 'test'
  ...
# Subtest: T1-H5: own-ключ __proto__ в data.stats не загрязняет Object.prototype
ok 287 - T1-H5: own-ключ __proto__ в data.stats не загрязняет Object.prototype
  ---
  duration_ms: 2.154762
  type: 'test'
  ...
# Save failed: QuotaErr [QuotaExceededError]: QuotaExceededError
#     at Object.setItem (/root/neurodeck/tests/regression-T5M1-quota-chain.test.js:29:57)
#     at saveGameState (storage.js:335:14)
#     at evalmachine.<anonymous>:1:1
#     at Script.runInContext (node:vm:149:12)
#     at Object.runInContext (node:vm:301:6)
#     at TestContext.<anonymous> (/root/neurodeck/tests/regression-T5M1-quota-chain.test.js:87:8)
#     at async Test.run (node:internal/test_runner/test:1054:7)
#     at async startSubtestAfterBootstrap (node:internal/test_runner/harness:296:3)
# Subtest: T5-M1: quota на full_save — backup/IDB/cloud записаны, тост показан
ok 288 - T5-M1: quota на full_save — backup/IDB/cloud записаны, тост показан
  ---
  duration_ms: 61.675541
  type: 'test'
  ...
# Subtest: QA3-H1: v10-сейв без поля v — strongholds/season/throne не пересобираются
ok 289 - QA3-H1: v10-сейв без поля v — strongholds/season/throne не пересобираются
  ---
  duration_ms: 2.145038
  type: 'test'
  ...
# Subtest: QA3-H1: v-строка / v:0 / v:NaN — без реплея (army не пересоздаётся миграцией)
ok 290 - QA3-H1: v-строка / v:0 / v:NaN — без реплея (army не пересоздаётся миграцией)
  ---
  duration_ms: 0.730696
  type: 'test'
  ...
# Subtest: QA3-H1: легаси v6 по-прежнему мигрирует ВВЕРХ (фикс не сломал апгрейд)
ok 291 - QA3-H1: легаси v6 по-прежнему мигрирует ВВЕРХ (фикс не сломал апгрейд)
  ---
  duration_ms: 1.484998
  type: 'test'
  ...
# Subtest: QA3-M1: sanitizeHero переносит и клампит streakShields
ok 292 - QA3-M1: sanitizeHero переносит и клампит streakShields
  ---
  duration_ms: 0.914132
  type: 'test'
  ...
# Subtest: QA3-M1: streakShields переживает applySyncData (попадает в HERO)
ok 293 - QA3-M1: streakShields переживает applySyncData (попадает в HERO)
  ---
  duration_ms: 3.327472
  type: 'test'
  ...
# Subtest: QA3-M2: битые lastDayReset/lastWeekReset → null; валидные применяются
ok 294 - QA3-M2: битые lastDayReset/lastWeekReset → null; валидные применяются
  ---
  duration_ms: 1.130005
  type: 'test'
  ...
# [release-verify] 01/10 check:js: attempt 1/1 — npm run check:js
# [release-verify] check:js: PASS exits=[0] 1ms
# [release-verify] 02/10 unit: attempt 1/1 — npm run test
# [release-verify] unit: PASS exits=[0] 0ms
# [release-verify] 03/10 e2e: attempt 1/2 — npm run test:e2e
# [release-verify] e2e: PASS exits=[0] 0ms
# [release-verify] 04/10 e2e:visual: attempt 1/2 — npm run test:e2e:visual
# [release-verify] e2e:visual: PASS exits=[0] 0ms
# [release-verify] 05/10 playtest:strongholds: attempt 1/1 — npm run test:playtest:strongholds
# [release-verify] playtest:strongholds: PASS exits=[0] 0ms
# [release-verify] 06/10 playtest:acceptance: attempt 1/1 — npm run test:playtest:acceptance
# [release-verify] playtest:acceptance: PASS exits=[0] 0ms
# [release-verify] 07/10 qa:data: attempt 1/1 — npm run test:qa:data
# [release-verify] qa:data: PASS exits=[0] 0ms
# [release-verify] 08/10 qa:chaos: attempt 1/1 — npm run test:qa:chaos
# [release-verify] qa:chaos: PASS exits=[0] 0ms
# [release-verify] 09/10 qa:parity: attempt 1/1 — npm run test:qa:parity
# [release-verify] qa:parity: PASS exits=[0] 0ms
# [release-verify] 10/10 sim:economy: attempt 1/1 — npm run test:sim:economy
# [release-verify] sim:economy: PASS exits=[0] 0ms
# [release-verify] 01/10 check:js: attempt 1/1 — npm run check:js
# [release-verify] check:js: PASS exits=[0] 0ms
# [release-verify] 02/10 unit: attempt 1/1 — npm run test
# [release-verify] unit: PASS exits=[0] 0ms
# [release-verify] 03/10 e2e: attempt 1/2 — npm run test:e2e
# [release-verify] e2e: exit 1 → повтор (политика: 1)
# [release-verify] 03/10 e2e: attempt 2/2 — npm run test:e2e
# [release-verify] e2e: PASS (flaky: 2 attempts) exits=[1,0] 0ms
# [release-verify] 04/10 e2e:visual: attempt 1/2 — npm run test:e2e:visual
# [release-verify] e2e:visual: PASS exits=[0] 0ms
# [release-verify] 05/10 playtest:strongholds: attempt 1/1 — npm run test:playtest:strongholds
# [release-verify] playtest:strongholds: PASS exits=[0] 3ms
# [release-verify] 06/10 playtest:acceptance: attempt 1/1 — npm run test:playtest:acceptance
# [release-verify] playtest:acceptance: PASS exits=[0] 0ms
# [release-verify] 07/10 qa:data: attempt 1/1 — npm run test:qa:data
# [release-verify] qa:data: PASS exits=[0] 0ms
# [release-verify] 08/10 qa:chaos: attempt 1/1 — npm run test:qa:chaos
# [release-verify] qa:chaos: PASS exits=[0] 0ms
# [release-verify] 09/10 qa:parity: attempt 1/1 — npm run test:qa:parity
# [release-verify] qa:parity: PASS exits=[0] 0ms
# [release-verify] 10/10 sim:economy: attempt 1/1 — npm run test:sim:economy
# [release-verify] sim:economy: PASS exits=[0] 0ms
# [release-verify] 01/10 check:js: attempt 1/1 — npm run check:js
# [release-verify] check:js: PASS exits=[0] 0ms
# [release-verify] 02/10 unit: attempt 1/1 — npm run test
# [release-verify] unit: PASS exits=[0] 0ms
# [release-verify] 03/10 e2e: attempt 1/2 — npm run test:e2e
# [release-verify] e2e: PASS exits=[0] 0ms
# [release-verify] 04/10 e2e:visual: attempt 1/2 — npm run test:e2e:visual
# [release-verify] e2e:visual: exit 1 → повтор (политика: 1)
# [release-verify] 04/10 e2e:visual: attempt 2/2 — npm run test:e2e:visual
# [release-verify] e2e:visual: FAIL exits=[1,1] 1ms
# [release-verify] 05/10 playtest:strongholds: attempt 1/1 — npm run test:playtest:strongholds
# [release-verify] playtest:strongholds: PASS exits=[0] 0ms
# [release-verify] 06/10 playtest:acceptance: attempt 1/1 — npm run test:playtest:acceptance
# [release-verify] playtest:acceptance: PASS exits=[0] 0ms
# [release-verify] 07/10 qa:data: attempt 1/1 — npm run test:qa:data
# [release-verify] qa:data: PASS exits=[0] 0ms
# [release-verify] 08/10 qa:chaos: attempt 1/1 — npm run test:qa:chaos
# [release-verify] qa:chaos: PASS exits=[0] 0ms
# [release-verify] 09/10 qa:parity: attempt 1/1 — npm run test:qa:parity
# [release-verify] qa:parity: PASS exits=[0] 0ms
# [release-verify] 10/10 sim:economy: attempt 1/1 — npm run test:sim:economy
# [release-verify] sim:economy: PASS exits=[0] 0ms
# [release-verify] 01/10 check:js: attempt 1/1 — npm run check:js
# [release-verify] check:js: PASS exits=[0] 0ms
# [release-verify] 02/10 unit: attempt 1/1 — npm run test
# [release-verify] unit: PASS exits=[0] 0ms
# [release-verify] 03/10 e2e: attempt 1/2 — npm run test:e2e
# [release-verify] e2e: PASS exits=[0] 1ms
# [release-verify] 04/10 e2e:visual: attempt 1/2 — npm run test:e2e:visual
# [release-verify] e2e:visual: PASS exits=[0] 0ms
# [release-verify] 05/10 playtest:strongholds: attempt 1/1 — npm run test:playtest:strongholds
# [release-verify] playtest:strongholds: PASS exits=[0] 0ms
# [release-verify] 06/10 playtest:acceptance: attempt 1/1 — npm run test:playtest:acceptance
# [release-verify] playtest:acceptance: PASS exits=[0] 0ms
# [release-verify] 07/10 qa:data: attempt 1/1 — npm run test:qa:data
# [release-verify] qa:data: FAIL exits=[1] 0ms
# [release-verify] 08/10 qa:chaos: attempt 1/1 — npm run test:qa:chaos
# [release-verify] qa:chaos: PASS exits=[0] 1ms
# [release-verify] 09/10 qa:parity: attempt 1/1 — npm run test:qa:parity
# [release-verify] qa:parity: PASS exits=[0] 0ms
# [release-verify] 10/10 sim:economy: attempt 1/1 — npm run test:sim:economy
# [release-verify] sim:economy: PASS exits=[0] 0ms
# [release-verify] 01/10 check:js: attempt 1/1 — npm run check:js
# [release-verify] check:js: PASS exits=[0] 0ms
# [release-verify] 02/10 unit: attempt 1/1 — npm run test
# [release-verify] unit: PASS exits=[0] 0ms
# [release-verify] 03/10 e2e: attempt 1/2 — npm run test:e2e
# [release-verify] e2e: PASS exits=[0] 0ms
# [release-verify] 04/10 e2e:visual: attempt 1/2 — npm run test:e2e:visual
# [release-verify] e2e:visual: PASS exits=[0] 0ms
# [release-verify] 05/10 playtest:strongholds: attempt 1/1 — npm run test:playtest:strongholds
# [release-verify] playtest:strongholds: PASS exits=[0] 0ms
# [release-verify] 06/10 playtest:acceptance: attempt 1/1 — npm run test:playtest:acceptance
# [release-verify] playtest:acceptance: PASS exits=[0] 0ms
# [release-verify] 07/10 qa:data: attempt 1/1 — npm run test:qa:data
# [release-verify] qa:data: FAIL exits=[1] 1ms
# [release-verify] 08/10 qa:chaos: attempt 1/1 — npm run test:qa:chaos
# [release-verify] qa:chaos: PASS exits=[0] 0ms
# [release-verify] 09/10 qa:parity: attempt 1/1 — npm run test:qa:parity
# [release-verify] qa:parity: PASS exits=[0] 0ms
# [release-verify] 10/10 sim:economy: attempt 1/1 — npm run test:sim:economy
# [release-verify] sim:economy: FAIL exits=[2] 0ms
# [release-verify] PREFLIGHT FAIL: pins out of sync
# Subtest: R3: шаги гейта = полная цепочка ci + economy sim; все шаги блокирующие
ok 295 - R3: шаги гейта = полная цепочка ci + economy sim; все шаги блокирующие
  ---
  duration_ms: 1.545539
  type: 'test'
  ...
# Subtest: R3: явные ретраи — только браузерные шаги (1 повтор), детерминированные без ретраев
ok 296 - R3: явные ретраи — только браузерные шаги (1 повтор), детерминированные без ретраев
  ---
  duration_ms: 0.278949
  type: 'test'
  ...
# Subtest: R3: чистый проход — по одной попытке, артефакт и все логи на месте
ok 297 - R3: чистый проход — по одной попытке, артефакт и все логи на месте
  ---
  duration_ms: 6.984761
  type: 'test'
  ...
# Subtest: R3: флак e2e (exit 1 → retry exit 0) — гейт пройден, флак зафиксирован, а не спрятан
ok 298 - R3: флак e2e (exit 1 → retry exit 0) — гейт пройден, флак зафиксирован, а не спрятан
  ---
  duration_ms: 6.235636
  type: 'test'
  ...
# Subtest: R3: visual упал дважды — гейт ЗАВАЛЕН (visual блокирует), оба exit-кода в артефакте
ok 299 - R3: visual упал дважды — гейт ЗАВАЛЕН (visual блокирует), оба exit-кода в артефакте
  ---
  duration_ms: 2.753822
  type: 'test'
  ...
# Subtest: R3: детерминированный шаг не ретраится — один прогон, провал = провал гейта
ok 300 - R3: детерминированный шаг не ретраится — один прогон, провал = провал гейта
  ---
  duration_ms: 3.581324
  type: 'test'
  ...
# Subtest: R3: провал не прерывает цепочку — артефакт полный, у каждого шага exit-код
ok 301 - R3: провал не прерывает цепочку — артефакт полный, у каждого шага exit-код
  ---
  duration_ms: 3.038479
  type: 'test'
  ...
# Subtest: R3: preflight — рассинхрон рантайм-пинов заваливает гейт до запуска шагов
ok 302 - R3: preflight — рассинхрон рантайм-пинов заваливает гейт до запуска шагов
  ---
  duration_ms: 0.532419
  type: 'test'
  ...
# Subtest: R3: readVersions — версии из исходников согласованы (storage.js / index.html ?v= / sw.js)
ok 303 - R3: readVersions — версии из исходников согласованы (storage.js / index.html ?v= / sw.js)
  ---
  duration_ms: 1.861863
  type: 'test'
  ...
# Subtest: R3: gitInfo — 40-символьный hex HEAD живого репозитория
ok 304 - R3: gitInfo — 40-символьный hex HEAD живого репозитория
  ---
  duration_ms: 16.743312
  type: 'test'
  ...
# Subtest: закоммиченный config/weekly-modifiers.v1.json валиден сейчас и = побайтовая копия встроенного каталога
ok 305 - закоммиченный config/weekly-modifiers.v1.json валиден сейчас и = побайтовая копия встроенного каталога
  ---
  duration_ms: 2.653221
  type: 'test'
  ...
# Subtest: fnv1a64: вектор-пины алгоритма (синхрон с ndSnapshotChecksum storage.js — charCodeAt/imul)
ok 306 - fnv1a64: вектор-пины алгоритма (синхрон с ndSnapshotChecksum storage.js — charCodeAt/imul)
  ---
  duration_ms: 0.432569
  type: 'test'
  ...
# Subtest: валидный конфиг → applied, каталог установлен, модель берёт WEEKLY_MODS_REMOTE; reset возвращает встроенный
ok 307 - валидный конфиг → applied, каталог установлен, модель берёт WEEKLY_MODS_REMOTE; reset возвращает встроенный
  ---
  duration_ms: 1.002825
  type: 'test'
  ...
# Subtest: fallback-приоритет: пустой/кривой WEEKLY_MODS_REMOTE НЕ ломает выбор — модель идёт во встроенный
ok 308 - fallback-приоритет: пустой/кривой WEEKLY_MODS_REMOTE НЕ ломает выбор — модель идёт во встроенный
  ---
  duration_ms: 0.147291
  type: 'test'
  ...
# Subtest: битый JSON / не объект / чужая schema / кривая version → ok:false с точным reason
ok 309 - битый JSON / не объект / чужая schema / кривая version → ok:false с точным reason
  ---
  duration_ms: 0.392959
  type: 'test'
  ...
# Subtest: кривые modifiers: не массив / пусто / кап 16 / кривой mods / не-строки / дубль id → reason modifiers|modifier
ok 310 - кривые modifiers: не массив / пусто / кап 16 / кривой mods / не-строки / дубль id → reason modifiers|modifier
  ---
  duration_ms: 0.604427
  type: 'test'
  ...
# Subtest: просроченный: синтетическое «сейчас» после expires → reason expired; кривая дата → reason expires
ok 311 - просроченный: синтетическое «сейчас» после expires → reason expired; кривая дата → reason expires
  ---
  duration_ms: 1.257055
  type: 'test'
  ...
# Subtest: tampered: правка множителя/имени без пересчёта checksum → reason checksum, каталог НЕ устанавливается
ok 312 - tampered: правка множителя/имени без пересчёта checksum → reason checksum, каталог НЕ устанавливается
  ---
  duration_ms: 0.588092
  type: 'test'
  ...
# Subtest: canonical: перестановка ключей в JSON не меняет checksum (канонический порядок фиксирован)
ok 313 - canonical: перестановка ключей в JSON не меняет checksum (канонический порядок фиксирован)
  ---
  duration_ms: 0.618969
  type: 'test'
  ...
# Subtest: лоадер-фоллбэки: сеть/HTTP/нет fetch → applied:false, встроенный каталог остаётся
ok 314 - лоадер-фоллбэки: сеть/HTTP/нет fetch → applied:false, встроенный каталог остаётся
  ---
  duration_ms: 1.068183
  type: 'test'
  ...
# Subtest: проводка: remote-config.js в index.html ДО app.js, в прекэше SW вместе с config-артефактом; вызов в app.js
ok 315 - проводка: remote-config.js в index.html ДО app.js, в прекэше SW вместе с config-артефактом; вызов в app.js
  ---
  duration_ms: 4.550728
  type: 'test'
  ...
# Subtest: live global fetch keeps receiver and bypasses HTTP cache
ok 316 - live global fetch keeps receiver and bypasses HTTP cache
  ---
  duration_ms: 0.679049
  type: 'test'
  ...
# Subtest: deadline covers fetch and body; late completion never installs
ok 317 - deadline covers fetch and body; late completion never installs
  ---
  duration_ms: 41.590734
  type: 'test'
  ...
# Subtest: response byte cap checks header, UTF8 text and streamed body
ok 318 - response byte cap checks header, UTF8 text and streamed body
  ---
  duration_ms: 23.979039
  type: 'test'
  ...
# Subtest: sanitizeSeason: defaults for null input
ok 319 - sanitizeSeason: defaults for null input
  ---
  duration_ms: 1.394532
  type: 'test'
  ...
# Subtest: sanitizeSeason: bad fields fall back, good fields kept
ok 320 - sanitizeSeason: bad fields fall back, good fields kept
  ---
  duration_ms: 0.202023
  type: 'test'
  ...
# Subtest: sanitizeSeason: valid season passes through with clamped snapshot
ok 321 - sanitizeSeason: valid season passes through with clamped snapshot
  ---
  duration_ms: 0.236194
  type: 'test'
  ...
# Subtest: P10 risk: ratio ≥ 1.2 — рискованной пометки нет (граница 1.2 включительно)
ok 322 - P10 risk: ratio ≥ 1.2 — рискованной пометки нет (граница 1.2 включительно)
  ---
  duration_ms: 2.047142
  type: 'test'
  ...
# Subtest: P10 risk: ratio < 1.2 — «РИСКОВАННО» с честным числом и порогом
ok 323 - P10 risk: ratio < 1.2 — «РИСКОВАННО» с честным числом и порогом
  ---
  duration_ms: 0.637467
  type: 'test'
  ...
# Subtest: P10 risk: лестницы (+5% к ratio) могут снять пометку — порог по тому же соотношению, что в превью
ok 324 - P10 risk: лестницы (+5% к ratio) могут снять пометку — порог по тому же соотношению, что в превью
  ---
  duration_ms: 0.551337
  type: 'test'
  ...
# Subtest: P10 risk: мусорный прогноз — пустая строка, не падение
ok 325 - P10 risk: мусорный прогноз — пустая строка, не падение
  ---
  duration_ms: 0.753559
  type: 'test'
  ...
# Subtest: P10 отмена: подход ≠ «Штурм» — сброс к норме, тост, сейв и ререндер
ok 326 - P10 отмена: подход ≠ «Штурм» — сброс к норме, тост, сейв и ререндер
  ---
  duration_ms: 0.532499
  type: 'test'
  ...
# Subtest: P10 отмена: уже «Штурм» — no-op без тоста и ререндера
ok 327 - P10 отмена: уже «Штурм» — no-op без тоста и ререндера
  ---
  duration_ms: 0.360431
  type: 'test'
  ...
# Subtest: P10 отмена: уже «Штурм» — no-op без тоста и ререндера
ok 328 - P10 отмена: уже «Штурм» — no-op без тоста и ререндера
  ---
  duration_ms: 0.357706
  type: 'test'
  ...
# Subtest: P10 разведка: тень в пути — статус без отчёта
ok 329 - P10 разведка: тень в пути — статус без отчёта
  ---
  duration_ms: 0.531829
  type: 'test'
  ...
# Subtest: P10 разведка: свежий отчёт по фронту — «на фронте» + полный отчёт тени
ok 330 - P10 разведка: свежий отчёт по фронту — «на фронте» + полный отчёт тени
  ---
  duration_ms: 0.998869
  type: 'test'
  ...
# Subtest: P10 разведка: цель позади фронта и захваченная — честные статусы
ok 331 - P10 разведка: цель позади фронта и захваченная — честные статусы
  ---
  duration_ms: 0.963416
  type: 'test'
  ...
# Subtest: P10 разведка: устаревание и «разведки нет»
ok 332 - P10 разведка: устаревание и «разведки нет»
  ---
  duration_ms: 0.712861
  type: 'test'
  ...
# Subtest: P10 превью: штурм фронта — заголовок «до/после» с прогнозом + брейкдаун; оборона недели с числами
ok 333 - P10 превью: штурм фронта — заголовок «до/после» с прогнозом + брейкдаун; оборона недели с числами
  ---
  duration_ms: 0.450766
  type: 'test'
  ...
# Subtest: P10 превью: воскресенье — «сегодня ночью»; туман — без процента; риск — в строке штурма
ok 334 - P10 превью: воскресенье — «сегодня ночью»; туман — без процента; риск — в строке штурма
  ---
  duration_ms: 0.687221
  type: 'test'
  ...
# Subtest: P10 превью: нечего показывать — пусто (без захвата и без прогноза)
ok 335 - P10 превью: нечего показывать — пусто (без захвата и без прогноза)
  ---
  duration_ms: 0.169475
  type: 'test'
  ...
# Subtest: P10 панель: дефолт «Штурм» — разведка+подход+склад+превью, БЕЗ кнопки отмены
ok 336 - P10 панель: дефолт «Штурм» — разведка+подход+склад+превью, БЕЗ кнопки отмены
  ---
  duration_ms: 0.436744
  type: 'test'
  ...
# Subtest: P10 панель: подход ≠ «Штурм» — кнопка отмены подготовки до тика
ok 337 - P10 панель: подход ≠ «Штурм» — кнопка отмены подготовки до тика
  ---
  duration_ms: 0.348803
  type: 'test'
  ...
# Subtest: P10 встройка: requestAssault — «рискованно»-заголовок при риске, пины wave-g1 живы
ok 338 - P10 встройка: requestAssault — «рискованно»-заголовок при риске, пины wave-g1 живы
  ---
  duration_ms: 0.259479
  type: 'test'
  ...
# Subtest: P10 встройка: единый клик подтверждения — doAssault без промежуточных модалок (правило 13)
ok 339 - P10 встройка: единый клик подтверждения — doAssault без промежуточных модалок (правило 13)
  ---
  duration_ms: 0.231948
  type: 'test'
  ...
# Subtest: P10 встройка: dispatcher + renderStrongholds — отмена из панели, отчёт тени консолидирован
ok 340 - P10 встройка: dispatcher + renderStrongholds — отмена из панели, отчёт тени консолидирован
  ---
  duration_ms: 0.594122
  type: 'test'
  ...
# Subtest: P10 CSS: панель/отмена/риск + eco и reduced-motion гейты
ok 341 - P10 CSS: панель/отмена/риск + eco и reduced-motion гейты
  ---
  duration_ms: 0.370315
  type: 'test'
  ...
# Subtest: C4 подходы: каталог трёх id, мета неизвестного → «Штурм»
ok 342 - C4 подходы: каталог трёх id, мета неизвестного → «Штурм»
  ---
  duration_ms: 1.590397
  type: 'test'
  ...
# Subtest: C4 «Осада»: сила врага ×0.8, гнев +1; «Штурм»/«Хитрость»/мусор — норма
ok 343 - C4 «Осада»: сила врага ×0.8, гнев +1; «Штурм»/«Хитрость»/мусор — норма
  ---
  duration_ms: 0.292089
  type: 'test'
  ...
# Subtest: C4 «Хитрость»: гарнизон врага ×0.9 ТОЛЬКО в провинции 3
ok 344 - C4 «Хитрость»: гарнизон врага ×0.9 ТОЛЬКО в провинции 3
  ---
  duration_ms: 0.167962
  type: 'test'
  ...
# Subtest: C4 дефолт: без ram/ladder формула SPEC не меняется (пин)
ok 345 - C4 дефолт: без ram/ladder формула SPEC не меняется (пин)
  ---
  duration_ms: 0.28705
  type: 'test'
  ...
# Subtest: C4 лестницы: +5% к ratio — паритет (atk=def) становится победой, attrition по формуле
ok 346 - C4 лестницы: +5% к ratio — паритет (atk=def) становится победой, attrition по формуле
  ---
  duration_ms: 0.198569
  type: 'test'
  ...
# Subtest: C4 таран: attrition ×0.9 в обеих ветвях
ok 347 - C4 таран: attrition ×0.9 в обеих ветвях
  ---
  duration_ms: 1.239981
  type: 'test'
  ...
# Subtest: C4 таран+лестницы вместе: множители независимы (лестница → ratio, таран → attrition)
ok 348 - C4 таран+лестницы вместе: множители независимы (лестница → ratio, таран → attrition)
  ---
  duration_ms: 0.296584
  type: 'test'
  ...
# Subtest: C4 sanitizeSiege: rams/ladders — счётчики 0..999, дефолт 0
ok 349 - C4 sanitizeSiege: rams/ladders — счётчики 0..999, дефолт 0
  ---
  duration_ms: 0.390045
  type: 'test'
  ...
# Subtest: C4 миграция v11→v12: счётчики появляются с дефолтом 0, v = 14 (C5+P11 поверх)
ok 350 - C4 миграция v11→v12: счётчики появляются с дефолтом 0, v = 14 (C5+P11 поверх)
  ---
  duration_ms: 0.614783
  type: 'test'
  ...
# Subtest: C4 миграция v12: существующие счётчики сохраняются, мусор клэмпится
ok 351 - C4 миграция v12: существующие счётчики сохраняются, мусор клэмпится
  ---
  duration_ms: 0.475353
  type: 'test'
  ...
# Subtest: C4 миграция v12: idempotent — повторный прогон не меняет счётчики
ok 352 - C4 миграция v12: idempotent — повторный прогон не меняет счётчики
  ---
  duration_ms: 0.222154
  type: 'test'
  ...
# Subtest: C4→C5 цепочка v7: полный путь миграций доводит осадный склад до текущей схемы
ok 353 - C4→C5 цепочка v7: полный путь миграций доводит осадный склад до текущей схемы
  ---
  duration_ms: 0.846621
  type: 'test'
  ...
# Subtest: P11 персистентность: выбор игрока переживает sanitize (roundtrip сейва)
ok 354 - P11 персистентность: выбор игрока переживает sanitize (roundtrip сейва)
  ---
  duration_ms: 0.268312
  type: 'test'
  ...
# Subtest: P11 персистентность: v13-сейв с уже выбранным «Осадой» (поле приехало из будущего) не теряет выбор
ok 355 - P11 персистентность: v13-сейв с уже выбранным «Осадой» (поле приехало из будущего) не теряет выбор
  ---
  duration_ms: 0.204887
  type: 'test'
  ...
# Subtest: C4 данные: в провинции 3 есть штурмуемые цели — «Хитрость» не пустышка
ok 356 - C4 данные: в провинции 3 есть штурмуемые цели — «Хитрость» не пустышка
  ---
  duration_ms: 0.13352
  type: 'test'
  ...
# Subtest: sanitizeRank: valid ranks pass
ok 357 - sanitizeRank: valid ranks pass
  ---
  duration_ms: 1.184507
  type: 'test'
  ...
# Subtest: sanitizeRank: invalid → C
ok 358 - sanitizeRank: invalid → C
  ---
  duration_ms: 0.209704
  type: 'test'
  ...
# Subtest: sanitizeCard: drops unknown fields, applies defaults
ok 359 - sanitizeCard: drops unknown fields, applies defaults
  ---
  duration_ms: 0.361351
  type: 'test'
  ...
# Subtest: sanitizeCard: rank normalisation
ok 360 - sanitizeCard: rank normalisation
  ---
  duration_ms: 0.128733
  type: 'test'
  ...
# Subtest: sanitizeCard: stat whitelist
ok 361 - sanitizeCard: stat whitelist
  ---
  duration_ms: 0.129233
  type: 'test'
  ...
# Subtest: sanitizeCard: numbers clamped
ok 362 - sanitizeCard: numbers clamped
  ---
  duration_ms: 0.144015
  type: 'test'
  ...
# Subtest: sanitizeCard: null/undefined input → safe defaults
ok 363 - sanitizeCard: null/undefined input → safe defaults
  ---
  duration_ms: 0.214171
  type: 'test'
  ...
# Subtest: sanitizeInventory: empty defaults
ok 364 - sanitizeInventory: empty defaults
  ---
  duration_ms: 0.73309
  type: 'test'
  ...
# Subtest: sanitizeInventory: caps maxSlots 1..60
ok 365 - sanitizeInventory: caps maxSlots 1..60
  ---
  duration_ms: 0.364076
  type: 'test'
  ...
# Subtest: sanitizeInventory: input.not_object → empty defaults
ok 366 - sanitizeInventory: input.not_object → empty defaults
  ---
  duration_ms: 0.441201
  type: 'test'
  ...
# Subtest: sanitizeInventory: backward-compat for missing catalog
ok 367 - sanitizeInventory: backward-compat for missing catalog
  ---
  duration_ms: 0.244288
  type: 'test'
  ...
# Subtest: sanitizeCounter: clamps to range
ok 368 - sanitizeCounter: clamps to range
  ---
  duration_ms: 0.110766
  type: 'test'
  ...
# Subtest: sanitizeCounter: minimum respected
ok 369 - sanitizeCounter: minimum respected
  ---
  duration_ms: 0.083305
  type: 'test'
  ...
# Subtest: exported arrays are correct
ok 370 - exported arrays are correct
  ---
  duration_ms: 0.255834
  type: 'test'
  ...
# Subtest: sanitizeHero: full happy path
ok 371 - sanitizeHero: full happy path
  ---
  duration_ms: 0.554553
  type: 'test'
  ...
# Subtest: sanitizeHero: CRITICAL \#1 — unknown fields dropped, no Object.assign leak
ok 372 - sanitizeHero: CRITICAL \#1 — unknown fields dropped, no Object.assign leak
  ---
  duration_ms: 0.244586
  type: 'test'
  ...
# Subtest: sanitizeHero: numeric clamps applied
ok 373 - sanitizeHero: numeric clamps applied
  ---
  duration_ms: 0.146349
  type: 'test'
  ...
# Subtest: sanitizeHero: null/undefined input → safe defaults
ok 374 - sanitizeHero: null/undefined input → safe defaults
  ---
  duration_ms: 0.150837
  type: 'test'
  ...
# Subtest: sanitizeHero: passes through raw string (escaping is render-layer responsibility)
ok 375 - sanitizeHero: passes through raw string (escaping is render-layer responsibility)
  ---
  duration_ms: 0.111978
  type: 'test'
  ...
# Subtest: sanitizeGoals: not-array → empty
ok 376 - sanitizeGoals: not-array → empty
  ---
  duration_ms: 0.152658
  type: 'test'
  ...
# Subtest: sanitizeGoals: invalid type → short fallback
ok 377 - sanitizeGoals: invalid type → short fallback
  ---
  duration_ms: 0.408162
  type: 'test'
  ...
# Subtest: sanitizeGoals: invalid deadline → tomorrow fallback
ok 378 - sanitizeGoals: invalid deadline → tomorrow fallback
  ---
  duration_ms: 0.104887
  type: 'test'
  ...
# Subtest: sanitizeGoals: missing steps → auto-generates
ok 379 - sanitizeGoals: missing steps → auto-generates
  ---
  duration_ms: 0.094493
  type: 'test'
  ...
# Subtest: sanitizeGoals: steps is array of {text, done}
ok 380 - sanitizeGoals: steps is array of {text, done}
  ---
  duration_ms: 0.135553
  type: 'test'
  ...
# Subtest: sanitizeGoals: hard cap 200 entries
ok 381 - sanitizeGoals: hard cap 200 entries
  ---
  duration_ms: 0.435043
  type: 'test'
  ...
# Subtest: sanitizeGoals: stat whitelist
ok 382 - sanitizeGoals: stat whitelist
  ---
  duration_ms: 0.091658
  type: 'test'
  ...
# Subtest: sanitizeXpHistory: not-array → empty
ok 383 - sanitizeXpHistory: not-array → empty
  ---
  duration_ms: 0.101352
  type: 'test'
  ...
# Subtest: sanitizeXpHistory: drops malformed entries
ok 384 - sanitizeXpHistory: drops malformed entries
  ---
  duration_ms: 0.098609
  type: 'test'
  ...
# Subtest: sanitizeXpHistory: hard cap 366 (1 year)
ok 385 - sanitizeXpHistory: hard cap 366 (1 year)
  ---
  duration_ms: 0.21375
  type: 'test'
  ...
# Subtest: sanitizeBossKills: defaults when null/non-object
ok 386 - sanitizeBossKills: defaults when null/non-object
  ---
  duration_ms: 0.118667
  type: 'test'
  ...
# Subtest: sanitizeBossKills: clamps negatives and overflows
ok 387 - sanitizeBossKills: clamps negatives and overflows
  ---
  duration_ms: 0.082734
  type: 'test'
  ...
# Subtest: sanitizeBossKills: drops unknown boss names
ok 388 - sanitizeBossKills: drops unknown boss names
  ---
  duration_ms: 0.10004
  type: 'test'
  ...
# Subtest: sanitizeGoal round-trips a valid goal
ok 389 - sanitizeGoal round-trips a valid goal
  ---
  duration_ms: 0.354813
  type: 'test'
  ...
# Subtest: sanitizeGoal rejects junk input with safe defaults
ok 390 - sanitizeGoal rejects junk input with safe defaults
  ---
  duration_ms: 0.239609
  type: 'test'
  ...
# Subtest: sanitizeCard round-trips lastFailDay day-key
ok 391 - sanitizeCard round-trips lastFailDay day-key
  ---
  duration_ms: 0.303235
  type: 'test'
  ...
# Subtest: sanitizeCard rejects inherited stat names like toString
ok 392 - sanitizeCard rejects inherited stat names like toString
  ---
  duration_ms: 0.1003
  type: 'test'
  ...
# Subtest: sanitizeGoal rejects inherited goal types like constructor
ok 393 - sanitizeGoal rejects inherited goal types like constructor
  ---
  duration_ms: 0.081343
  type: 'test'
  ...
# Subtest: sanitizeGoal truncates oversized strings and arrays
ok 394 - sanitizeGoal truncates oversized strings and arrays
  ---
  duration_ms: 1.072278
  type: 'test'
  ...
# Subtest: P18 reducer: sh/capture — captured=true; вход не мутируется, соседние элементы те же ссылки
ok 395 - P18 reducer: sh/capture — captured=true; вход не мутируется, соседние элементы те же ссылки
  ---
  duration_ms: 2.313902
  type: 'test'
  ...
# Subtest: P18 reducer: sh/lose и sh/refuge — зеркало осадных правок runWeeklySiege (захват снят/прибежище, гарнизон [], постройки → ruin)
ok 396 - P18 reducer: sh/lose и sh/refuge — зеркало осадных правок runWeeklySiege (захват снят/прибежище, гарнизон [], постройки → ruin)
  ---
  duration_ms: 1.072939
  type: 'test'
  ...
# Subtest: P18 reducer: sh/restore-prefix — первые N каталога захвачены (\#49 checkCapturedRecovery); всё захвачено ⇒ та же ссылка
ok 397 - P18 reducer: sh/restore-prefix — первые N каталога захвачены (\#49 checkCapturedRecovery); всё захвачено ⇒ та же ссылка
  ---
  duration_ms: 0.314621
  type: 'test'
  ...
# Subtest: P18 reducer: sh/garrison:add — стек растёт/создаётся; take-stack изымает; мусор игнорируется
ok 398 - P18 reducer: sh/garrison:add — стек растёт/создаётся; take-stack изымает; мусор игнорируется
  ---
  duration_ms: 1.805499
  type: 'test'
  ...
# Subtest: P18 reducer: sh/build и sh/rebuild — форма постройки 1:1 buyBuilding/rebuildBuilding (built/ok/0/builtAt)
ok 399 - P18 reducer: sh/build и sh/rebuild — форма постройки 1:1 buyBuilding/rebuildBuilding (built/ok/0/builtAt)
  ---
  duration_ms: 0.52
  type: 'test'
  ...
# Subtest: P18 reducer: sh/garrison:set и sh/buildings:set — санитайзер гарнизона и замена карты построек
ok 400 - P18 reducer: sh/garrison:set и sh/buildings:set — санитайзер гарнизона и замена карты построек
  ---
  duration_ms: 0.332118
  type: 'test'
  ...
# Subtest: P18 store: dispatch применяет команду НА МЕСТЕ — идентичность массива и объектов сохраняется
ok 401 - P18 store: dispatch применяет команду НА МЕСТЕ — идентичность массива и объектов сохраняется
  ---
  duration_ms: 0.476415
  type: 'test'
  ...
# Subtest: P18 store: false при отсутствии источника/мусорной команде — домен не тронут (фоллбек вызывающего)
ok 402 - P18 store: false при отсутствии источника/мусорной команде — домен не тронут (фоллбек вызывающего)
  ---
  duration_ms: 0.647861
  type: 'test'
  ...
# Subtest: P18 store: источник-accessor живёт сквозь замену массива (applySyncData) — ре-бинд не нужен
ok 403 - P18 store: источник-accessor живёт сквозь замену массива (applySyncData) — ре-бинд не нужен
  ---
  duration_ms: 0.622404
  type: 'test'
  ...
# Subtest: P18 store: селекторы чтения — sh/shCaptured/capturedCount/frontIdx (линейный дефолт фронта)
ok 404 - P18 store: селекторы чтения — sh/shCaptured/capturedCount/frontIdx (линейный дефолт фронта)
  ---
  duration_ms: 0.540601
  type: 'test'
  ...
# Subtest: P18 store: событие nd:store:stronghold на NDDBus (typeof-гвард: шины может не быть)
ok 405 - P18 store: событие nd:store:stronghold на NDDBus (typeof-гвард: шины может не быть)
  ---
  duration_ms: 0.535483
  type: 'test'
  ...
# Subtest: P18 подключение: store.js грузится в index.html до app.js и в SW-прекэше
ok 406 - P18 подключение: store.js грузится в index.html до app.js и в SW-прекэше
  ---
  duration_ms: 0.801523
  type: 'test'
  ...
# Subtest: P18→P19 app.js: адаптер чтения + команды write-потоков; тик/осада/штурм — inline-гварды стора
ok 407 - P18→P19 app.js: адаптер чтения + команды write-потоков; тик/осада/штурм — inline-гварды стора
  ---
  duration_ms: 5.950799
  type: 'test'
  ...
# Subtest: P18+P19 store: число команд доменов и неизменность схемы (никаких новых полей состояния)
ok 408 - P18+P19 store: число команд доменов и неизменность схемы (никаких новых полей состояния)
  ---
  duration_ms: 0.578898
  type: 'test'
  ...
# Subtest: P19 reducer: eco/army-loss — дельты по тирам, стопа не исчезает полностью, мусор игнорируется
ok 409 - P19 reducer: eco/army-loss — дельты по тирам, стопа не исчезает полностью, мусор игнорируется
  ---
  duration_ms: 0.396785
  type: 'test'
  ...
# Subtest: P19 reducer: eco/army-add / eco/army-zero — найм в поле и перевод стопы; zero при нуле — та же ссылка
ok 410 - P19 reducer: eco/army-add / eco/army-zero — найм в поле и перевод стопы; zero при нуле — та же ссылка
  ---
  duration_ms: 0.193801
  type: 'test'
  ...
# Subtest: P19 reducer: siege/* — неделя/итог недели/сутки штурма/осадный склад; идемпотенты — та же ссылка
ok 411 - P19 reducer: siege/* — неделя/итог недели/сутки штурма/осадный склад; идемпотенты — та же ссылка
  ---
  duration_ms: 0.434492
  type: 'test'
  ...
# Subtest: P19 store: dispatch eco/siege применяет НА МЕСТЕ — идентичность army, army.units и siege сохраняется
ok 412 - P19 store: dispatch eco/siege применяет НА МЕСТЕ — идентичность army, army.units и siege сохраняется
  ---
  duration_ms: 0.622544
  type: 'test'
  ...
# Subtest: P19 store: эквивалентность dispatch-пути и прежних прямых правок (осада/штурм на одинаковых данных)
ok 413 - P19 store: эквивалентность dispatch-пути и прежних прямых правок (осада/штурм на одинаковых данных)
  ---
  duration_ms: 0.351799
  type: 'test'
  ...
# Subtest: P19 store: snapshot() — живые ссылки трёх доменов; следует замене объектов (applySyncData) без ре-бинда
ok 414 - P19 store: snapshot() — живые ссылки трёх доменов; следует замене объектов (applySyncData) без ре-бинда
  ---
  duration_ms: 0.997937
  type: 'test'
  ...
# Subtest: P19 store: события nd:store:economy / nd:store:siege на NDDBus (typeof-гвард: шины может не быть)
ok 415 - P19 store: события nd:store:economy / nd:store:siege на NDDBus (typeof-гвард: шины может не быть)
  ---
  duration_ms: 0.288783
  type: 'test'
  ...
# Subtest: P19 storage.js: снапшот сейва собирает strongholds/army/siege ИЗ СТОРА (typeof-гвард + прямой фоллбек)
ok 416 - P19 storage.js: снапшот сейва собирает strongholds/army/siege ИЗ СТОРА (typeof-гвард + прямой фоллбек)
  ---
  duration_ms: 0.673882
  type: 'test'
  ...
# Subtest: каталог: 20 твердынь, gar+def=total, монотонность, слоты
ok 417 - каталог: 20 твердынь, gar+def=total, монотонность, слоты
  ---
  duration_ms: 2.228313
  type: 'test'
  ...
# Subtest: каталог: налоги — пин BALANCE круг 3 (247 + 85 + 8020 = 8352)
ok 418 - каталог: налоги — пин BALANCE круг 3 (247 + 85 + 8020 = 8352)
  ---
  duration_ms: 0.921783
  type: 'test'
  ...
# Subtest: каталог: 7 тиров — пин найма/силы/прироста (SPEC §3, BALANCE R1)
ok 419 - каталог: 7 тиров — пин найма/силы/прироста (SPEC §3, BALANCE R1)
  ---
  duration_ms: 0.246169
  type: 'test'
  ...
# Subtest: каталог: 20 построек, стоимости круга 2 (−40%), категории 7/5/4/4
ok 420 - каталог: 20 построек, стоимости круга 2 (−40%), категории 7/5/4/4
  ---
  duration_ms: 0.442214
  type: 'test'
  ...
# Subtest: миграция v7→v8: regions=5 → 5 captured, золото/карточки/задачи целы
ok 421 - миграция v7→v8: regions=5 → 5 captured, золото/карточки/задачи целы
  ---
  duration_ms: 1.487712
  type: 'test'
  ...
# Subtest: миграция v7→v8: guard'ы — regions 0 / отсутствие tractState / 99 → clamp 10
ok 422 - миграция v7→v8: guard'ы — regions 0 / отсутствие tractState / 99 → clamp 10
  ---
  duration_ms: 0.617698
  type: 'test'
  ...
# Subtest: миграция v7→v8: повторный вызов не меняет уже смигрированные поля
ok 423 - миграция v7→v8: повторный вызов не меняет уже смигрированные поля
  ---
  duration_ms: 0.299239
  type: 'test'
  ...
# Subtest: миграция v13→v14: подход появляется с дефолтом «assault», остальное не тронуто
ok 424 - миграция v13→v14: подход появляется с дефолтом «assault», остальное не тронуто
  ---
  duration_ms: 0.170206
  type: 'test'
  ...
# Subtest: миграция v13→v14: валидный сохранённый подход сохраняется, мусор/чужой id → «assault»
ok 425 - миграция v13→v14: валидный сохранённый подход сохраняется, мусор/чужой id → «assault»
  ---
  duration_ms: 0.44038
  type: 'test'
  ...
# Subtest: миграция v13→v14: idempotent — повторный прогон байт-стабилен
ok 426 - миграция v13→v14: idempotent — повторный прогон байт-стабилен
  ---
  duration_ms: 0.582073
  type: 'test'
  ...
# Subtest: sanitizeStrongholds: null/мусор → 20 безопасных записей
ok 427 - sanitizeStrongholds: null/мусор → 20 безопасных записей
  ---
  duration_ms: 0.594853
  type: 'test'
  ...
# Subtest: sanitizeStrongholds: whitelist id, captured bool, мусорные элементы игнорируются
ok 428 - sanitizeStrongholds: whitelist id, captured bool, мусорные элементы игнорируются
  ---
  duration_ms: 0.412649
  type: 'test'
  ...
# Subtest: sanitizeStrongholds: гарнизон — только t1..t7, clamp 0..1e6, дедуп по тиру
ok 429 - sanitizeStrongholds: гарнизон — только t1..t7, clamp 0..1e6, дедуп по тиру
  ---
  duration_ms: 0.251457
  type: 'test'
  ...
# Subtest: sanitizeStrongholds: постройки — только из каталога, стадия whitelist, debtDays 0..365
ok 430 - sanitizeStrongholds: постройки — только из каталога, стадия whitelist, debtDays 0..365
  ---
  duration_ms: 0.23348
  type: 'test'
  ...
# Subtest: sanitizeStrongholds: corruption whitelist + debtDays clamp; round-trip стабилен
ok 431 - sanitizeStrongholds: corruption whitelist + debtDays clamp; round-trip стабилен
  ---
  duration_ms: 0.247641
  type: 'test'
  ...
# Subtest: sanitizeArmy: дефолты, clamp 0..1e6, неделя 0..520, мусор отброшен
ok 432 - sanitizeArmy: дефолты, clamp 0..1e6, неделя 0..520, мусор отброшен
  ---
  duration_ms: 0.257637
  type: 'test'
  ...
# Subtest: sanitizeSiege: week 1..520, lastResult — только плоские примитивы
ok 433 - sanitizeSiege: week 1..520, lastResult — только плоские примитивы
  ---
  duration_ms: 1.255705
  type: 'test'
  ...
# Subtest: armyPower: Σ count×сила, обе формы входа, отрицательные игнорируются
ok 434 - armyPower: Σ count×сила, обе формы входа, отрицательные игнорируются
  ---
  duration_ms: 0.293309
  type: 'test'
  ...
# Subtest: defensePower: SPEC §4 — тренировочные нейтралы sh01 (gar 3, def 2, total 5)
ok 435 - defensePower: SPEC §4 — тренировочные нейтралы sh01 (gar 3, def 2, total 5)
  ---
  duration_ms: 0.178958
  type: 'test'
  ...
# Subtest: Г1-1 состав армии: ≥3 тиров ×1.08 атака, mono-гарнизон ×1.15 оборона, 2 тира нейтраль
ok 436 - Г1-1 состав армии: ≥3 тиров ×1.08 атака, mono-гарнизон ×1.15 оборона, 2 тира нейтраль
  ---
  duration_ms: 0.19907
  type: 'test'
  ...
# Subtest: assaultOutcome: победа/attrition по SPEC §4 (пример 22 против 15 ≈ 20.4%)
ok 437 - assaultOutcome: победа/attrition по SPEC §4 (пример 22 против 15 ≈ 20.4%)
  ---
  duration_ms: 0.22003
  type: 'test'
  ...
# Subtest: assaultOutcome: модификаторы agi (−50% кап) и Кузни Знамён (×0.8)
ok 438 - assaultOutcome: модификаторы agi (−50% кап) и Кузни Знамён (×0.8)
  ---
  duration_ms: 0.198859
  type: 'test'
  ...
# Subtest: assaultOutcome: отступление 10–30% (rand), границы; def 0 → победа
ok 439 - assaultOutcome: отступление 10–30% (rand), границы; def 0 → победа
  ---
  duration_ms: 0.204076
  type: 'test'
  ...
# Subtest: siegePower: пины SPEC §5 [C: 76/115/167/267/777], W_eff-кап по прогрессу (ADR П1-12)
ok 440 - siegePower: пины SPEC §5 [C: 76/115/167/267/777], W_eff-кап по прогрессу (ADR П1-12)
  ---
  duration_ms: 0.206721
  type: 'test'
  ...
# Subtest: corruptionTick: upkeep первым, оплата → gold-upkeep, вход не мутируется
ok 441 - corruptionTick: upkeep первым, оплата → gold-upkeep, вход не мутируется
  ---
  duration_ms: 0.290316
  type: 'test'
  ...
# Subtest: corruptionTick: grace (wil 0 → 2) не ест 1-й и 2-й день, деградация Целое→Обветшало→Руина
ok 442 - corruptionTick: grace (wil 0 → 2) не ест 1-й и 2-й день, деградация Целое→Обветшало→Руина
  ---
  duration_ms: 0.202374
  type: 'test'
  ...
# Subtest: corruptionTick: grace растёт от wil (2+floor(wil/20)), кап 7
ok 443 - corruptionTick: grace растёт от wil (2+floor(wil/20)), кап 7
  ---
  duration_ms: 0.329124
  type: 'test'
  ...
# Subtest: corruptionTick: step 4 при Соборе Порядка (П3)
ok 444 - corruptionTick: step 4 при Соборе Порядка (П3)
  ---
  duration_ms: 0.15968
  type: 'test'
  ...
# Subtest: corruptionTick: восстановление 1 ступень/день, debtDays → 0; руина не ест
ok 445 - corruptionTick: восстановление 1 ступень/день, debtDays → 0; руина не ест
  ---
  duration_ms: 0.129544
  type: 'test'
  ...
# Subtest: corruptionTick: иммунитет нового — не деградирует и не копит долг, оплата сбрасывает
ok 446 - corruptionTick: иммунитет нового — не деградирует и не копит долг, оплата сбрасывает
  ---
  duration_ms: 0.096946
  type: 'test'
  ...
# Subtest: corruptionTick: built:false и чужие id игнорируются, дефицит обнуляет золото
ok 447 - corruptionTick: built:false и чужие id игнорируются, дефицит обнуляет золото
  ---
  duration_ms: 0.125949
  type: 'test'
  ...
# Subtest: P20 модуль: 8 функций рендера объявлены в js/ui/strongholds.js и убраны из app.js
ok 448 - P20 модуль: 8 функций рендера объявлены в js/ui/strongholds.js и убраны из app.js
  ---
  duration_ms: 3.412
  type: 'test'
  ...
# Subtest: P20 подключение: index.html грузит ui-модуль между event-bus и app.js; SW прекэшит его
ok 449 - P20 подключение: index.html грузит ui-модуль между event-bus и app.js; SW прекэшит его
  ---
  duration_ms: 0.341873
  type: 'test'
  ...
# Subtest: P20 исходник: подписка на все три доменных события стора, без шины — тихий ноль
ok 450 - P20 исходник: подписка на все три доменных события стора, без шины — тихий ноль
  ---
  duration_ms: 0.464887
  type: 'test'
  ...
# Subtest: P20 подписки: событие стора перерисовывает ТОЛЬКО активную вкладку «Твердыни»
ok 451 - P20 подписки: событие стора перерисовывает ТОЛЬКО активную вкладку «Твердыни»
  ---
  duration_ms: 1.586451
  type: 'test'
  ...
# Subtest: P20 подписки: упавший рендер не роняет подписчика (try/catch), флаг возврата честный
ok 452 - P20 подписки: упавший рендер не роняет подписчика (try/catch), флаг возврата честный
  ---
  duration_ms: 0.662224
  type: 'test'
  ...
# Subtest: checkDailyReset вызывает дневной тик твердынь (содержание+коррапшн) и воскресную осаду
ok 453 - checkDailyReset вызывает дневной тик твердынь (содержание+коррапшн) и воскресную осаду
  ---
  duration_ms: 1.901323
  type: 'test'
  ...
# Subtest: strongholdsDailyTick использует corruptionTick из stronghold-model (не дублирует формулу)
ok 454 - strongholdsDailyTick использует corruptionTick из stronghold-model (не дублирует формулу)
  ---
  duration_ms: 0.776504
  type: 'test'
  ...
# Subtest: runWeeklySiege использует siegePower/defensePower модели и анти-тупик D3
ok 455 - runWeeklySiege использует siegePower/defensePower модели и анти-тупик D3
  ---
  duration_ms: 2.503897
  type: 'test'
  ...
# Subtest: штурм идёт через SM.assaultOutcome, подтверждается dungeonConfirm, лимит 1/сутки
ok 456 - штурм идёт через SM.assaultOutcome, подтверждается dungeonConfirm, лимит 1/сутки
  ---
  duration_ms: 0.424608
  type: 'test'
  ...
# Subtest: коррапшн: обнулили золото → тик → стадия worn (grace wil=3 → 2 дня, step 2)
ok 457 - коррапшн: обнулили золото → тик → стадия worn (grace wil=3 → 2 дня, step 2)
  ---
  duration_ms: 0.587792
  type: 'test'
  ...
# Subtest: коррапшн: оплата поднимает ступень (worn → ok), руина не ест
ok 458 - коррапшн: оплата поднимает ступень (worn → ok), руина не ест
  ---
  duration_ms: 1.412299
  type: 'test'
  ...
# Subtest: легаси-Карта снесена: ROOMS/ESCAPE_MAX/renderMap/updateEscapeDisplay отсутствуют
ok 459 - легаси-Карта снесена: ROOMS/ESCAPE_MAX/renderMap/updateEscapeDisplay отсутствуют
  ---
  duration_ms: 1.694523
  type: 'test'
  ...
# Subtest: вкладка Карты заменена на Твердыни (nav, bottom-nav, view, диспетчер)
ok 460 - вкладка Карты заменена на Твердыни (nav, bottom-nav, view, диспетчер)
  ---
  duration_ms: 0.461493
  type: 'test'
  ...
# Subtest: hero: statRankups/statEscape заменены на «Твердынь N/20»
ok 461 - hero: statRankups/statEscape заменены на «Твердынь N/20»
  ---
  duration_ms: 0.490745
  type: 'test'
  ...
# Subtest: header: «Побег» → «Твердыни», счётчик 0/20, кэш-пин единообразно
ok 462 - header: «Побег» → «Твердыни», счётчик 0/20, кэш-пин единообразно
  ---
  duration_ms: 0.703977
  type: 'test'
  ...
# Subtest: css: сетка провинций, панель, коррапшн-стадии ok/worn/ruin; стили Карты снесены
ok 463 - css: сетка провинций, панель, коррапшн-стадии ok/worn/ruin; стили Карты снесены
  ---
  duration_ms: 0.729705
  type: 'test'
  ...
# Subtest: штурм из e2e-сценария: 14×Т1 (power 28) берёт твердыню №1 (defN 5)
ok 464 - штурм из e2e-сценария: 14×Т1 (power 28) берёт твердыню №1 (defN 5)
  ---
  duration_ms: 0.341031
  type: 'test'
  ...
# Subtest: P9: BRANCH_META — у всех трёх веток текст последствий; тултип = путь + факт узла
ok 465 - P9: BRANCH_META — у всех трёх веток текст последствий; тултип = путь + факт узла
  ---
  duration_ms: 0.55293
  type: 'test'
  ...
# Subtest: P9: chooseAssaultTarget — locked-цели disabled+aria-disabled с причиной; тултипы на целях, карточках и рёбрах карты
ok 466 - P9: chooseAssaultTarget — locked-цели disabled+aria-disabled с причиной; тултипы на целях, карточках и рёбрах карты
  ---
  duration_ms: 0.256715
  type: 'test'
  ...
# Subtest: telemetry: event() попадает в кольцо и счётчик, flush() пишет в localStorage
ok 467 - telemetry: event() попадает в кольцо и счётчик, flush() пишет в localStorage
  ---
  duration_ms: 2.204877
  type: 'test'
  ...
# Subtest: telemetry: повтор того же имени < 2 c — в счётчик, без дубля в кольце
ok 468 - telemetry: повтор того же имени < 2 c — в счётчик, без дубля в кольце
  ---
  duration_ms: 0.690094
  type: 'test'
  ...
# Subtest: telemetry: error() пишется немедленно, без ожидания flush-таймера
ok 469 - telemetry: error() пишется немедленно, без ожидания flush-таймера
  ---
  duration_ms: 1.475093
  type: 'test'
  ...
# Subtest: telemetry: кольцо ограничено 200 событиями, старые вытесняются
ok 470 - telemetry: кольцо ограничено 200 событиями, старые вытесняются
  ---
  duration_ms: 0.895072
  type: 'test'
  ...
# Subtest: telemetry: журнал и счётчики восстанавливаются после перезапуска (новая вкладка/сессия)
ok 471 - telemetry: журнал и счётчики восстанавливаются после перезапуска (новая вкладка/сессия)
  ---
  duration_ms: 0.427391
  type: 'test'
  ...
# Subtest: telemetry: битый журнал в localStorage не роняет старт
ok 472 - telemetry: битый журнал в localStorage не роняет старт
  ---
  duration_ms: 0.246239
  type: 'test'
  ...
# Subtest: telemetry: DOMContentLoaded регистрируется при loading и даёт dom_ready
ok 473 - telemetry: DOMContentLoaded регистрируется при loading и даёт dom_ready
  ---
  duration_ms: 0.248383
  type: 'test'
  ...
# Subtest: telemetry: готовый документ (interactive) → dom_ready сразу
ok 474 - telemetry: готовый документ (interactive) → dom_ready сразу
  ---
  duration_ms: 0.341644
  type: 'test'
  ...
# Subtest: telemetry: RUNTIME_ERROR ловится через window error-listener
ok 475 - telemetry: RUNTIME_ERROR ловится через window error-listener
  ---
  duration_ms: 0.592139
  type: 'test'
  ...
# Subtest: telemetry: данные событий санитизируются (строки обрезаются, объекты уплощаются)
ok 476 - telemetry: данные событий санитизируются (строки обрезаются, объекты уплощаются)
  ---
  duration_ms: 0.72014
  type: 'test'
  ...
# Subtest: pickTodayCard: стрик под угрозой важнее близости к ранг-апу
ok 477 - pickTodayCard: стрик под угрозой важнее близости к ранг-апу
  ---
  duration_ms: 1.46605
  type: 'test'
  ...
# Subtest: pickTodayCard: без стриков — ближайшая к ранг-апу
ok 478 - pickTodayCard: без стриков — ближайшая к ранг-апу
  ---
  duration_ms: 0.43347
  type: 'test'
  ...
# Subtest: pickTodayCard: больший стрик среди горящих, выполненные сегодня исключены
ok 479 - pickTodayCard: больший стрик среди горящих, выполненные сегодня исключены
  ---
  duration_ms: 0.375764
  type: 'test'
  ...
# Subtest: pickTodayCard: все выполнены → card:null; пустая колода → null
ok 480 - pickTodayCard: все выполнены → card:null; пустая колода → null
  ---
  duration_ms: 0.698238
  type: 'test'
  ...
# Subtest: todayKingdomLine: долг содержания важнее осадного календаря
ok 481 - todayKingdomLine: долг содержания важнее осадного календаря
  ---
  duration_ms: 1.619149
  type: 'test'
  ...
# Subtest: renderTodayPriority: кнопка переиспользует complete-card, контекст королевства присутствует
ok 482 - renderTodayPriority: кнопка переиспользует complete-card, контекст королевства присутствует
  ---
  duration_ms: 1.647531
  type: 'test'
  ...
# Subtest: renderTodayPriority: пустая колода и закрытый день — без кнопки действия
ok 483 - renderTodayPriority: пустая колода и закрытый день — без кнопки действия
  ---
  duration_ms: 1.605198
  type: 'test'
  ...
# Subtest: daysToSiegeNow: штурм = воскресная ночь; Вс→0, Сб→1, Вт→5 (ревизия 30.09: суббота больше не 7)
ok 484 - daysToSiegeNow: штурм = воскресная ночь; Вс→0, Сб→1, Вт→5 (ревизия 30.09: суббота больше не 7)
  ---
  duration_ms: 0.334492
  type: 'test'
  ...
# Subtest: renderDashboard интегрирует панель до beginner/veteran-ветвления (контракт ux-first-day не тронут)
ok 485 - renderDashboard интегрирует панель до beginner/veteran-ветвления (контракт ux-first-day не тронут)
  ---
  duration_ms: 0.621724
  type: 'test'
  ...
# Subtest: tradeRoutes counts adjacent captured pairs only
ok 486 - tradeRoutes counts adjacent captured pairs only
  ---
  duration_ms: 1.175393
  type: 'test'
  ...
# Subtest: tradeBonus: +2% per route, cap 38%
ok 487 - tradeBonus: +2% per route, cap 38%
  ---
  duration_ms: 0.265839
  type: 'test'
  ...
# Subtest: trade income matches app contract on full chain
ok 488 - trade income matches app contract on full chain
  ---
  duration_ms: 1.501844
  type: 'test'
  ...
# Subtest: STARTER_DECK constant is declared with 3-4 cards
ok 489 - STARTER_DECK constant is declared with 3-4 cards
  ---
  duration_ms: 1.337977
  type: 'test'
  ...
# Subtest: STARTER_DECK cards have required fields (name, stat, time, duration)
ok 490 - STARTER_DECK cards have required fields (name, stat, time, duration)
  ---
  duration_ms: 0.418848
  type: 'test'
  ...
# Subtest: STARTER_DECK stats are valid RPG attributes
ok 491 - STARTER_DECK stats are valid RPG attributes
  ---
  duration_ms: 0.363155
  type: 'test'
  ...
# Subtest: Starter deck modal exists in HTML
ok 492 - Starter deck modal exists in HTML
  ---
  duration_ms: 0.258327
  type: 'test'
  ...
# Subtest: All starter-deck data-actions wired in event delegation
ok 493 - All starter-deck data-actions wired in event delegation
  ---
  duration_ms: 0.135363
  type: 'test'
  ...
# Subtest: showStarterDeck function exists and is guarded
ok 494 - showStarterDeck function exists and is guarded
  ---
  duration_ms: 0.298218
  type: 'test'
  ...
# Subtest: acceptStarterDeck function exists and adds cards
ok 495 - acceptStarterDeck function exists and adds cards
  ---
  duration_ms: 0.274351
  type: 'test'
  ...
# Subtest: closeStarterDeck records done flag even when skipping
ok 496 - closeStarterDeck records done flag even when skipping
  ---
  duration_ms: 0.223286
  type: 'test'
  ...
# Subtest: makeStarterCard returns lock-rank-to-C card
ok 497 - makeStarterCard returns lock-rank-to-C card
  ---
  duration_ms: 0.60601
  type: 'test'
  ...
# Subtest: Dashboard has help (info) button
ok 498 - Dashboard has help (info) button
  ---
  duration_ms: 0.56698
  type: 'test'
  ...
# Subtest: toggleHelp function provides rewards/risks content
ok 499 - toggleHelp function provides rewards/risks content
  ---
  duration_ms: 5.172121
  type: 'test'
  ...
# Subtest: showTextTooltip helper exists for non-inventory help
ok 500 - showTextTooltip helper exists for non-inventory help
  ---
  duration_ms: 0.223355
  type: 'test'
  ...
# Subtest: renderDashboard branches beginner vs veteran
ok 501 - renderDashboard branches beginner vs veteran
  ---
  duration_ms: 0.65282
  type: 'test'
  ...
# Subtest: Beginner dashboard mentions key numbers
ok 502 - Beginner dashboard mentions key numbers
  ---
  duration_ms: 0.276104
  type: 'test'
  ...
# Subtest: Starter deck is triggered for first-run players
ok 503 - Starter deck is triggered for first-run players
  ---
  duration_ms: 0.417096
  type: 'test'
  ...
# Subtest: CSS provides starter-card and info-btn styles
ok 504 - CSS provides starter-card and info-btn styles
  ---
  duration_ms: 0.324036
  type: 'test'
  ...
# Subtest: Starter deck never forces non-default rank
ok 505 - Starter deck never forces non-default rank
  ---
  duration_ms: 0.399168
  type: 'test'
  ...
# Subtest: Starter deck respects anti-exploit: rank always C
ok 506 - Starter deck respects anti-exploit: rank always C
  ---
  duration_ms: 0.183986
  type: 'test'
  ...
# Subtest: KG: 20 тайлов watertight, 4 провинции по 5, центры в полигонах, смежность-цепь, мир 780×1120
ok 507 - KG: 20 тайлов watertight, 4 провинции по 5, центры в полигонах, смежность-цепь, мир 780×1120
  ---
  duration_ms: 13.351443
  type: 'test'
  ...
# Subtest: карта рендерит 20 узлов role=button + aria-label + legend 4 состояния
ok 508 - карта рендерит 20 узлов role=button + aria-label + legend 4 состояния
  ---
  duration_ms: 7.005812
  type: 'test'
  ...
# Subtest: статусы: captured/locked/front/siege + connector owned + corruption arc + полит-заливки
ok 509 - статусы: captured/locked/front/siege + connector owned + corruption arc + полит-заливки
  ---
  duration_ms: 8.933022
  type: 'test'
  ...
# Subtest: тап по узлу открывает панель + keydown Enter/Space (контракты диспетчера)
ok 510 - тап по узлу открывает панель + keydown Enter/Space (контракты диспетчера)
  ---
  duration_ms: 6.559532
  type: 'test'
  ...
# Subtest: Фаза F: catClass категории zh/ec/df/sp + builtTileHtml img/stageBadge + buyTileHtml reason
ok 511 - Фаза F: catClass категории zh/ec/df/sp + builtTileHtml img/stageBadge + buyTileHtml reason
  ---
  duration_ms: 1.018318
  type: 'test'
  ...
# Subtest: Фаза F: каталог рендерится тайлами — все доступные + reason-логика + CSS сетки
ok 512 - Фаза F: каталог рендерится тайлами — все доступные + reason-логика + CSS сетки
  ---
  duration_ms: 0.714142
  type: 'test'
  ...
# Subtest: Г1-2: гейты доктрин — t1 на 3, t2 на 8, t3 на 14 захватах
ok 513 - Г1-2: гейты доктрин — t1 на 3, t2 на 8, t3 на 14 захватах
  ---
  duration_ms: 2.409064
  type: 'test'
  ...
# Subtest: Г1-2: doctrineOf — id в своём тире, cross-tier → null, пусто → null
ok 514 - Г1-2: doctrineOf — id в своём тире, cross-tier → null, пусто → null
  ---
  duration_ms: 2.152589
  type: 'test'
  ...
# Subtest: Г1-2: эффекты 8 id — tax 1.15 / upkeep 0.8 / atk 1.10 / growth 1.25 / fort 1.10 / crown 1.10 / veteran 0.7 / engine 0.85
ok 515 - Г1-2: эффекты 8 id — tax 1.15 / upkeep 0.8 / atk 1.10 / growth 1.25 / fort 1.10 / crown 1.10 / veteran 0.7 / engine 0.85
  ---
  duration_ms: 2.194793
  type: 'test'
  ...
# Subtest: Г1-2: activeDoctrineList — только выбранные, порядок t1→t2→t3
ok 516 - Г1-2: activeDoctrineList — только выбранные, порядок t1→t2→t3
  ---
  duration_ms: 0.352018
  type: 'test'
  ...
# Subtest: Г1-2: activeDoctrineList — имена выбранных доктрин
ok 517 - Г1-2: activeDoctrineList — имена выбранных доктрин
  ---
  duration_ms: 0.384878
  type: 'test'
  ...
# Subtest: Г1-2: finishSeason сбрасывает doctrines на null + тост «Сезон новых доктрин»
ok 518 - Г1-2: finishSeason сбрасывает doctrines на null + тост «Сезон новых доктрин»
  ---
  duration_ms: 0.922484
  type: 'test'
  ...
# Subtest: Г1-2: sanitizeHero doctrines — whitelist 9 id, мусор → null
ok 519 - Г1-2: sanitizeHero doctrines — whitelist 9 id, мусор → null
  ---
  duration_ms: 0.925298
  type: 'test'
  ...
# Subtest: Г1-3: df-четвёрка в твердыне → def ×1.05, иначе ×1
ok 520 - Г1-3: df-четвёрка в твердыне → def ×1.05, иначе ×1
  ---
  duration_ms: 0.92588
  type: 'test'
  ...
# Subtest: Г1-3: 3+ ec → местный налог ×1.15, 2 ec → ×1
ok 521 - Г1-3: 3+ ec → местный налог ×1.15, 2 ec → ×1
  ---
  duration_ms: 0.812709
  type: 'test'
  ...
# Subtest: Г1-3: полная zh-линейка в захваченной → найм ×0.9; 6 из 7 или не захвачена → ×1
ok 522 - Г1-3: полная zh-линейка в захваченной → найм ×0.9; 6 из 7 или не захвачена → ×1
  ---
  duration_ms: 1.778168
  type: 'test'
  ...
# Subtest: Г1-3: sp2 в захваченном соседе с sp3 → atk ×1.05; иначе ×1
ok 523 - Г1-3: sp2 в захваченном соседе с sp3 → atk ×1.05; иначе ×1
  ---
  duration_ms: 1.301062
  type: 'test'
  ...
# Subtest: Г1-3: synergyRows — строки только активных синергий
ok 524 - Г1-3: synergyRows — строки только активных синергий
  ---
  duration_ms: 0.80637
  type: 'test'
  ...
# Subtest: Г1-3: source-контракты — синергии встроены в тик/доход/найм/штурм/панель/казну
ok 525 - Г1-3: source-контракты — синергии встроены в тик/доход/найм/штурм/панель/казну
  ---
  duration_ms: 0.622964
  type: 'test'
  ...
# Subtest: Г1-4: множители тактик — normal 1/1, feint 0.8/0.7, rush 1.25/2
ok 526 - Г1-4: множители тактик — normal 1/1, feint 0.8/0.7, rush 1.25/2
  ---
  duration_ms: 0.422925
  type: 'test'
  ...
# Subtest: Г1-4: дефолт — неизвестная/пустая тактика = «Штурм» (ESC-семантика)
ok 527 - Г1-4: дефолт — неизвестная/пустая тактика = «Штурм» (ESC-семантика)
  ---
  duration_ms: 0.277597
  type: 'test'
  ...
# Subtest: Г1-4: requestAssault — ветка тактики с 3 захватов, ниже — обычный confirm
ok 528 - Г1-4: requestAssault — ветка тактики с 3 захватов, ниже — обычный confirm
  ---
  duration_ms: 0.16688
  type: 'test'
  ...
# Subtest: Г1-4: requestTactic — 3 кнопки на confirmOverlay, свой ESC → «Штурм», cleanup восстанавливает
ok 529 - Г1-4: requestTactic — 3 кнопки на confirmOverlay, свой ESC → «Штурм», cleanup восстанавливает
  ---
  duration_ms: 0.254913
  type: 'test'
  ...
# Subtest: Г1-4: doAssault — atk и attrition умножаются на тактику, мусорная тактика = норма
ok 530 - Г1-4: doAssault — atk и attrition умножаются на тактику, мусорная тактика = норма
  ---
  duration_ms: 0.281111
  type: 'test'
  ...
# Subtest: Г1-5: stormDayOf — 9+(num%7) = 12±3, детерминированно от сезона
ok 531 - Г1-5: stormDayOf — 9+(num%7) = 12±3, детерминированно от сезона
  ---
  duration_ms: 0.542775
  type: 'test'
  ...
# Subtest: Г1-5: sanitizeStorm — whitelist 4 полей, мусор → null, paid только true
ok 532 - Г1-5: sanitizeStorm — whitelist 4 полей, мусор → null, paid только true
  ---
  duration_ms: 0.228682
  type: 'test'
  ...
# Subtest: Г1-5: checkStorm — деградация на 1 стадию (ok→worn→ruin), просрочка гасит бурю
ok 533 - Г1-5: checkStorm — деградация на 1 стадию (ok→worn→ruin), просрочка гасит бурю
  ---
  duration_ms: 0.208172
  type: 'test'
  ...
# Subtest: Г1-6: warlordTempo — floor(0.8×captured), минимум 1
ok 534 - Г1-6: warlordTempo — floor(0.8×captured), минимум 1
  ---
  duration_ms: 0.587342
  type: 'test'
  ...
# Subtest: Г1-6: seasonCapturedDelta — захваты сезона = счётчик − snapshot.captured, минимум 0
ok 535 - Г1-6: seasonCapturedDelta — захваты сезона = счётчик − snapshot.captured, минимум 0
  ---
  duration_ms: 0.424707
  type: 'test'
  ...
# Subtest: Г1-6: налог +5% при обгоне — после венцов и трона
ok 536 - Г1-6: налог +5% при обгоне — после венцов и трона
  ---
  duration_ms: 0.211177
  type: 'test'
  ...
# Subtest: Г1-6: finishSeason — обгон-флаг по дельте захвата, тост; sanitizeHero — строго boolean
ok 537 - Г1-6: finishSeason — обгон-флаг по дельте захвата, тост; sanitizeHero — строго boolean
  ---
  duration_ms: 0.492798
  type: 'test'
  ...
# Subtest: Г1-6: строка воеводы в сезонном блоке Твердыней + мини-бар
ok 538 - Г1-6: строка воеводы в сезонном блоке Твердыней + мини-бар
  ---
  duration_ms: 0.640331
  type: 'test'
  ...
# Subtest: Г2-1: каталог 11 боссов — имена, 3 фазы валидных типов, артефакты 4×tax/3×attrition/2×def/1×xp/1×cost
ok 539 - Г2-1: каталог 11 боссов — имена, 3 фазы валидных типов, артефакты 4×tax/3×attrition/2×def/1×xp/1×cost
  ---
  duration_ms: 1.961002
  type: 'test'
  ...
# Subtest: Г2-1: доступность — босс доступен на первом узле собранной провинции, недобор/частичная очередь закрывают
ok 540 - Г2-1: доступность — босс доступен на первом узле собранной провинции, недобор/частичная очередь закрывают
  ---
  duration_ms: 7.272532
  type: 'test'
  ...
# Subtest: Г2-1: фазы 4 типов закрываются/проваливаются на статах дня
ok 541 - Г2-1: фазы 4 типов закрываются/проваливаются на статах дня
  ---
  duration_ms: 0.935644
  type: 'test'
  ...
# Subtest: Г2-1: эскалация ×1.5 к XI — цели фаз масштабируются
ok 542 - Г2-1: эскалация ×1.5 к XI — цели фаз масштабируются
  ---
  duration_ms: 0.962184
  type: 'test'
  ...
# Subtest: Г2-1: 1 попытка/день — повтор отклонён, завтра попытка обновлена, босс продолжается
ok 543 - Г2-1: 1 попытка/день — повтор отклонён, завтра попытка обновлена, босс продолжается
  ---
  duration_ms: 2.023386
  type: 'test'
  ...
# Subtest: Г2-1: победа над боссом I (cards→streak→gold×2 по дням) — defeated+тост артефакта
ok 544 - Г2-1: победа над боссом I (cards→streak→gold×2 по дням) — defeated+тост артефакта
  ---
  duration_ms: 2.450396
  type: 'test'
  ...
# Subtest: Г2-1: пассивы артефактов — вкл/выкл, провинциальный скоуп, xp/cost глобальные
ok 545 - Г2-1: пассивы артефактов — вкл/выкл, провинциальный скоуп, xp/cost глобальные
  ---
  duration_ms: 1.688263
  type: 'test'
  ...
# Subtest: Г2-1: карточка босса рендерится сверху панели — вызов/фазы/артефакт
ok 546 - Г2-1: карточка босса рендерится сверху панели — вызов/фазы/артефакт
  ---
  duration_ms: 2.533481
  type: 'test'
  ...
# Subtest: Г2-1: sanitizeHero whitelist bosses — мусор → безопасная форма
ok 547 - Г2-1: sanitizeHero whitelist bosses — мусор → безопасная форма
  ---
  duration_ms: 1.168714
  type: 'test'
  ...
# Subtest: Г2-1: интеграции пассивов и хуков в app.js
ok 548 - Г2-1: интеграции пассивов и хуков в app.js
  ---
  duration_ms: 1.591958
  type: 'test'
  ...
# Subtest: Г2-2: weatherOf детерминирован — типы ясно/туман/засуха/метель, чистая функция без сейва
ok 549 - Г2-2: weatherOf детерминирован — типы ясно/туман/засуха/метель, чистая функция без сейва
  ---
  duration_ms: 0.964237
  type: 'test'
  ...
# Subtest: Г2-2: эффекты погоды вкл/выкл — гейт север/юг (метель ×2 upkeep только север 1-2, засуха ×0.75 налог только юг 3-4)
ok 550 - Г2-2: эффекты погоды вкл/выкл — гейт север/юг (метель ×2 upkeep только север 1-2, засуха ×0.75 налог только юг 3-4)
  ---
  duration_ms: 0.715053
  type: 'test'
  ...
# Subtest: Г2-2: пин-окна симов — сезон 1, недели 1-4: захваты пров 1-2 без метели, неделя 1 без эффектной засухи (контракт acceptance/parity/strongholds)
ok 551 - Г2-2: пин-окна симов — сезон 1, недели 1-4: захваты пров 1-2 без метели, неделя 1 без эффектной засухи (контракт acceptance/parity/strongholds)
  ---
  duration_ms: 0.627762
  type: 'test'
  ...
# Subtest: Г2-2: frontPowerText — туман прячет силу фронта, свежая тень её прокалывает
ok 552 - Г2-2: frontPowerText — туман прячет силу фронта, свежая тень её прокалывает
  ---
  duration_ms: 1.240893
  type: 'test'
  ...
# Subtest: Г2-3: лазутчик — совет тактики по ratio (штурм/ложный отход/казармы)
ok 553 - Г2-3: лазутчик — совет тактики по ratio (штурм/ложный отход/казармы)
  ---
  duration_ms: 1.251888
  type: 'test'
  ...
# Subtest: Г2-3: гейт 50💰 + одна тень за раз + срок годности 3 дня
ok 554 - Г2-3: гейт 50💰 + одна тень за раз + срок годности 3 дня
  ---
  duration_ms: 4.153302
  type: 'test'
  ...
# Subtest: Г2-2/Г2-3: интеграционные пины — экономика/тревога/карта/кейс/сброс тени/whitelist
ok 555 - Г2-2/Г2-3: интеграционные пины — экономика/тревога/карта/кейс/сброс тени/whitelist
  ---
  duration_ms: 1.648864
  type: 'test'
  ...
# Subtest: Г2-4: каталог COMBOS — 8 шт, id уникальны, need валиден (пара/тройка/3-разных/any)
ok 556 - Г2-4: каталог COMBOS — 8 шт, id уникальны, need валиден (пара/тройка/3-разных/any)
  ---
  duration_ms: 0.736805
  type: 'test'
  ...
# Subtest: Г2-4: comboCountsMet — пары, Триумвират ×3, Гармония 3-разных, Фокус wil+any
ok 557 - Г2-4: comboCountsMet — пары, Триумвират ×3, Гармония 3-разных, Фокус wil+any
  ---
  duration_ms: 0.654611
  type: 'test'
  ...
# Subtest: Г2-4: checkCombos — срабатывание → эффект+тост+combosFound, однократно в день, завтра снова
ok 558 - Г2-4: checkCombos — срабатывание → эффект+тост+combosFound, однократно в день, завтра снова
  ---
  duration_ms: 0.83248
  type: 'test'
  ...
# Subtest: Г2-4: эффекты комбо — blades/triumvirate/dawn золото, axis гнев, focus щит, vortex dayXp
ok 559 - Г2-4: эффекты комбо — blades/triumvirate/dawn золото, axis гнев, focus щит, vortex dayXp
  ---
  duration_ms: 1.493501
  type: 'test'
  ...
# Subtest: Г2-4: sanitizeHero whitelist — combosFound/dayStatCounts/combosToday/comboDayXp
ok 560 - Г2-4: sanitizeHero whitelist — combosFound/dayStatCounts/combosToday/comboDayXp
  ---
  duration_ms: 0.322384
  type: 'test'
  ...
# Subtest: Г2-4: интеграционные пины — completeCard/checkDailyReset/renderCards/index.html/css
ok 561 - Г2-4: интеграционные пины — completeCard/checkDailyReset/renderCards/index.html/css
  ---
  duration_ms: 2.003327
  type: 'test'
  ...
# Subtest: Г2-5: множители — ascEnemyMult ×(1+0.25N), bossEscalation ×1.2^N, dailyGoldGoal ×1.2^N (кап тоже ×1.2^N)
ok 562 - Г2-5: множители — ascEnemyMult ×(1+0.25N), bossEscalation ×1.2^N, dailyGoldGoal ×1.2^N (кап тоже ×1.2^N)
  ---
  duration_ms: 1.028182
  type: 'test'
  ...
# Subtest: Г2-5: артефакты ×0.5 (bossArtifactMult Half-режим)
ok 563 - Г2-5: артефакты ×0.5 (bossArtifactMult Half-режим)
  ---
  duration_ms: 2.173922
  type: 'test'
  ...
# Subtest: Г2-5: палитра asc-N по N%3 (пепел/кровь/звёзды)
ok 564 - Г2-5: палитра asc-N по N%3 (пепел/кровь/звёзды)
  ---
  duration_ms: 0.441663
  type: 'test'
  ...
# Subtest: Г2-5: инварианты вознесения — сохранено/сброшено (source-контракты)
ok 565 - Г2-5: инварианты вознесения — сохранено/сброшено (source-контракты)
  ---
  duration_ms: 0.155042
  type: 'test'
  ...
# Subtest: Г2-5: интеграции — гейт throne 5/5, кнопка, кейс, ×3 call-site врага, бут-палитра, whitelist
ok 566 - Г2-5: интеграции — гейт throne 5/5, кнопка, кейс, ×3 call-site врага, бут-палитра, whitelist
  ---
  duration_ms: 1.363656
  type: 'test'
  ...
# Subtest: Г4: sanitizeSeason принимает Г4-поля (edicts/order/lastRevoltDay/resource) с клампом
ok 567 - Г4: sanitizeSeason принимает Г4-поля (edicts/order/lastRevoltDay/resource) с клампом
  ---
  duration_ms: 3.558979
  type: 'test'
  ...
# Subtest: Г4: sanitizeSiege stance — whitelist
ok 568 - Г4: sanitizeSiege stance — whitelist
  ---
  duration_ms: 0.55367
  type: 'test'
  ...
# Subtest: Г4: provOrder/provResource дефолты 75/0; revoltRisk 0 при order≥70 или неполной провинции, до 30% при 0
ok 569 - Г4: provOrder/provResource дефолты 75/0; revoltRisk 0 при order≥70 или неполной провинции, до 30% при 0
  ---
  duration_ms: 2.655313
  type: 'test'
  ...
# Subtest: Г4: roll-контракт восстания — Math.random>=0.7 не бунтует (пины симов живы)
ok 570 - Г4: roll-контракт восстания — Math.random>=0.7 не бунтует (пины симов живы)
  ---
  duration_ms: 1.204287
  type: 'test'
  ...
# Subtest: Г4: мультипликаторы — tax ×1.25, levy ×1.5, resources +2%/ед, стойки upkeep/atk/def
ok 571 - Г4: мультипликаторы — tax ×1.25, levy ×1.5, resources +2%/ед, стойки upkeep/atk/def
  ---
  duration_ms: 3.202485
  type: 'test'
  ...
# Subtest: Г4: revolt-задача — normal, без награды, терминальное снятие через chest_open
ok 572 - Г4: revolt-задача — normal, без награды, терминальное снятие через chest_open
  ---
  duration_ms: 1.110326
  type: 'test'
  ...
# Subtest: Г4: провинциальный order — resolveProvinceOrder двигает к эдиктам (клампы), revolt ставит lastRevoltDay+сброс week
ok 573 - Г4: провинциальный order — resolveProvinceOrder двигает к эдиктам (клампы), revolt ставит lastRevoltDay+сброс week
  ---
  duration_ms: 1.294932
  type: 'test'
  ...
# Subtest: Г5-Т3: каталог 48 технологий (6 ветвей × 8 тиров) + 3 идеи-капстоуна, цены валидны
ok 574 - Г5-Т3: каталог 48 технологий (6 ветвей × 8 тиров) + 3 идеи-капстоуна, цены валидны
  ---
  duration_ms: 3.970217
  type: 'test'
  ...
# Subtest: Г5-Т: buyTech — гейты (тир-цепь, очки, ресурсы) и списание
ok 575 - Г5-Т: buyTech — гейты (тир-цепь, очки, ресурсы) и списание
  ---
  duration_ms: 4.231819
  type: 'test'
  ...
# Subtest: Г5-Т: мультипликаторы — полный набор и нейтральный дефолт (симы/пины живы)
ok 576 - Г5-Т: мультипликаторы — полный набор и нейтральный дефолт (симы/пины живы)
  ---
  duration_ms: 2.277077
  type: 'test'
  ...
# Subtest: Г5-Т: techDailyTick — ресурсы +2 (+1 за e3) ТОЛЬКО под Указом о порядке (нейтрал не растёт — канон-пины), кап 999; очки +1/пров при ≥85
ok 577 - Г5-Т: techDailyTick — ресурсы +2 (+1 за e3) ТОЛЬКО под Указом о порядке (нейтрал не растёт — канон-пины), кап 999; очки +1/пров при ≥85
  ---
  duration_ms: 1.311179
  type: 'test'
  ...
# Subtest: Г5-Т2: тиры 5–6 — кросс-требование (5 ← тир 3 в двух других, 6 ← тир 4 в двух других), стеки
ok 578 - Г5-Т2: тиры 5–6 — кросс-требование (5 ← тир 3 в двух других, 6 ← тир 4 в двух других), стеки
  ---
  duration_ms: 3.075394
  type: 'test'
  ...
# Subtest: Г5-Т2: идеи-капстоуны — открытие тиром 6, исключительность навсегда, мультипликаторы
ok 579 - Г5-Т2: идеи-капстоуны — открытие тиром 6, исключительность навсегда, мультипликаторы
  ---
  duration_ms: 3.379761
  type: 'test'
  ...
# Subtest: wave2 \#41/C3: buildDailyEvents — 5 событий, порядок id стабильный
ok 580 - wave2 \#41/C3: buildDailyEvents — 5 событий, порядок id стабильный
  ---
  duration_ms: 2.070637
  type: 'test'
  ...
# Subtest: wave2 \#41: rollDailyEvent — детерминированные пины Math.random (старые 0-4, окно тёмных, restore)
ok 581 - wave2 \#41: rollDailyEvent — детерминированные пины Math.random (старые 0-4, окно тёмных, restore)
  ---
  duration_ms: 2.423205
  type: 'test'
  ...
# Subtest: wave2 \#8: holidayBonus — 01-01 tickMult 1.5 / 10-31 ghostsFree / 09-17 rewardMult 1.1 / прочее null
ok 582 - wave2 \#8: holidayBonus — 01-01 tickMult 1.5 / 10-31 ghostsFree / 09-17 rewardMult 1.1 / прочее null
  ---
  duration_ms: 0.329986
  type: 'test'
  ...
# Subtest: wave2 \#71: dailyGoldGoal — captured 0→50 / 10→150 / 20→200 (кап)
ok 583 - wave2 \#71: dailyGoldGoal — captured 0→50 / 10→150 / 20→200 (кап)
  ---
  duration_ms: 0.543445
  type: 'test'
  ...
# Subtest: wave2 \#55: heroPathInfo — str→Воин, ничья str/end→Страж, agi→Следопыт
ok 584 - wave2 \#55: heroPathInfo — str→Воин, ничья str/end→Страж, agi→Следопыт
  ---
  duration_ms: 0.606739
  type: 'test'
  ...
# Subtest: wave2 \#49: capturedRecoveryPlan — validSave v10: факт=снапшоту→null, порча на 2→восстановить, на 1→null
ok 585 - wave2 \#49: capturedRecoveryPlan — validSave v10: факт=снапшоту→null, порча на 2→восстановить, на 1→null
  ---
  duration_ms: 1.016845
  type: 'test'
  ...
# Subtest: wave2 \#42: weeklyDeltaHtml — другая неделя содержит ↑, та же неделя — пусто
ok 586 - wave2 \#42: weeklyDeltaHtml — другая неделя содержит ↑, та же неделя — пусто
  ---
  duration_ms: 14.794379
  type: 'test'
  ...
# Subtest: wave2 \#95: canCounterSiege — fail+100→true; retried→false; win→false; gold 99→false
ok 587 - wave2 \#95: canCounterSiege — fail+100→true; retried→false; win→false; gold 99→false
  ---
  duration_ms: 0.668253
  type: 'test'
  ...
# Subtest: wave2 контракты: кровь в налогах/XP, праздник в XP, Хэллоуин в призраках, помодоро-ключи, reset контрштурма
ok 588 - wave2 контракты: кровь в налогах/XP, праздник в XP, Хэллоуин в призраках, помодоро-ключи, reset контрштурма
  ---
  duration_ms: 1.225449
  type: 'test'
  ...
# verified: css/style.css index.html PASS (wave3 contracts)
# index.html: PASS
# css/style.css: PASS
# package.json: PASS
# Subtest: wave3 Ф1: siegeAlarmVerdict — <0.9 казармы / ≥1.2 крепка / прочее держимся / NaN нет обороны
ok 589 - wave3 Ф1: siegeAlarmVerdict — <0.9 казармы / ≥1.2 крепка / прочее держимся / NaN нет обороны
  ---
  duration_ms: 2.554272
  type: 'test'
  ...
# Subtest: wave3 Ф1: siegeAlarmPreview — power из SM, def = армия + гарнизоны захваченных, ratio
ok 590 - wave3 Ф1: siegeAlarmPreview — power из SM, def = армия + гарнизоны захваченных, ratio
  ---
  duration_ms: 2.267603
  type: 'test'
  ...
# Subtest: wave3 Ф1: checkSiegeAlarmToast — тост только в дни 0/2, флаг дня не пускает повтор
ok 591 - wave3 Ф1: checkSiegeAlarmToast — тост только в дни 0/2, флаг дня не пускает повтор
  ---
  duration_ms: 1.06014
  type: 'test'
  ...
# Subtest: wave3 Ф1 контракты: панель .siege-alarm при daysToSiege≤2, CSS-класс есть, alarm toast flag в renderStrongholds
ok 592 - wave3 Ф1 контракты: панель .siege-alarm при daysToSiege≤2, CSS-класс есть, alarm toast flag в renderStrongholds
  ---
  duration_ms: 2.697857
  type: 'test'
  ...
# Subtest: wave3 Ф2: totemGoldMult/XpMult/DefMult — волк/сова/медведь, без тотема = 1
ok 593 - wave3 Ф2: totemGoldMult/XpMult/DefMult — волк/сова/медведь, без тотема = 1
  ---
  duration_ms: 4.555415
  type: 'test'
  ...
# Subtest: wave3 Ф2: renderTotemCard — до 1 захвата пусто, chosen-вид, re-choose возвращает выбор
ok 594 - wave3 Ф2: renderTotemCard — до 1 захвата пусто, chosen-вид, re-choose возвращает выбор
  ---
  duration_ms: 2.070536
  type: 'test'
  ...
# Subtest: wave3 Ф2: finishSeason ставит rechoose=true (id сохраняется), requestTotem сбрасывает
ok 595 - wave3 Ф2: finishSeason ставит rechoose=true (id сохраняется), requestTotem сбрасывает
  ---
  duration_ms: 0.503225
  type: 'test'
  ...
# Subtest: wave3 Ф3: towerEnemyPower — base(неделя 1)×1.2^floor
ok 596 - wave3 Ф3: towerEnemyPower — base(неделя 1)×1.2^floor
  ---
  duration_ms: 0.311607
  type: 'test'
  ...
# Subtest: wave3 Ф3: renderTowerCard — 19/20 нет, 20/20 кнопка, та же дата израсходовано, этаж 50 покорён
ok 597 - wave3 Ф3: renderTowerCard — 19/20 нет, 20/20 кнопка, та же дата израсходовано, этаж 50 покорён
  ---
  duration_ms: 1.234972
  type: 'test'
  ...
# Subtest: wave3 Ф3: requestTowerClimb — победа floor+1+100×floor💰, поражение без потерь, флаг в обеих ветках
ok 598 - wave3 Ф3: requestTowerClimb — победа floor+1+100×floor💰, поражение без потерь, флаг в обеих ветках
  ---
  duration_ms: 1.270796
  type: 'test'
  ...
# Subtest: wave3 Ф3 контракты [css/style.css + index.html]: башня в renderStrongholds, экшн-кейс, CSS .tower-card, index.html: единый ?v= ×10
ok 599 - wave3 Ф3 контракты [css/style.css + index.html]: башня в renderStrongholds, экшн-кейс, CSS .tower-card, index.html: единый ?v= ×10
  ---
  duration_ms: 2.309856
  type: 'test'
  ...
# Subtest: package.json: check:ui-скрипт верификации UI-ассетов подключён, JSON валиден
ok 600 - package.json: check:ui-скрипт верификации UI-ассетов подключён, JSON валиден
  ---
  duration_ms: 3.025509
  type: 'test'
  ...
# Subtest: wave3 style.css [/root/neurodeck/css/style.css]: .siege-alarm и .totem-* правила на месте, скобки сбалансированы
ok 601 - wave3 style.css [/root/neurodeck/css/style.css]: .siege-alarm и .totem-* правила на месте, скобки сбалансированы
  ---
  duration_ms: 2.059259
  type: 'test'
  ...
# Subtest: каталог WEEKLY_MODS: 6–8 записей, уникальные id, тексты для UI, mods {incomeMult, upkeepMult, siegeMult} в (0; 3]
ok 602 - каталог WEEKLY_MODS: 6–8 записей, уникальные id, тексты для UI, mods {incomeMult, upkeepMult, siegeMult} в (0; 3]
  ---
  duration_ms: 1.215996
  type: 'test'
  ...
# Subtest: тематические пины §5: «Неделя тумана» и «Неделя жадности» в каталоге; каждая неделя — трейд-офф (множитель ≠ 1)
ok 603 - тематические пины §5: «Неделя тумана» и «Неделя жадности» в каталоге; каждая неделя — трейд-офф (множитель ≠ 1)
  ---
  duration_ms: 0.219699
  type: 'test'
  ...
# Subtest: детерминизм: выбор стабилен между вызовами и пиннут по паре (season, week)
ok 604 - детерминизм: выбор стабилен между вызовами и пиннут по паре (season, week)
  ---
  duration_ms: 0.32018
  type: 'test'
  ...
# Subtest: ротация: сезон 1 недели 1–12 пиннут; за 6 сезонов × 26 недель достижим весь каталог
ok 605 - ротация: сезон 1 недели 1–12 пиннут; за 6 сезонов × 26 недель достижим весь каталог
  ---
  duration_ms: 0.843685
  type: 'test'
  ...
# Subtest: гейт 20/20: endgame=false → все множители 1 даже у «Жадности»; endgame=true → значения каталога
ok 606 - гейт 20/20: endgame=false → все множители 1 даже у «Жадности»; endgame=true → значения каталога
  ---
  duration_ms: 0.547682
  type: 'test'
  ...
# Subtest: robustness: без каталога / пустой каталог / кривые mods → null и 1 (экономика не ломается)
ok 607 - robustness: без каталога / пустой каталог / кривые mods → null и 1 (экономика не ломается)
  ---
  duration_ms: 0.196755
  type: 'test'
  ...
# Subtest: corruptionTick: недельный upkeep перемножается с провинцией одним множителем (паттерн тика app.js)
ok 608 - corruptionTick: недельный upkeep перемножается с провинцией одним множителем (паттерн тика app.js)
  ---
  duration_ms: 0.511838
  type: 'test'
  ...
# Subtest: parity ре-пин C6: (сезон 1, неделя 1) = «Жадность» ×1.3 → 20/20 доход 16117, корона 17729
ok 609 - parity ре-пин C6: (сезон 1, неделя 1) = «Жадность» ×1.3 → 20/20 доход 16117, корона 17729
  ---
  duration_ms: 0.175143
  type: 'test'
  ...
# Subtest: app.js: множители применены ровно в 2 местах каждый (тик+превью / осада+тревога), гварды и гейт на месте
ok 610 - app.js: множители применены ровно в 2 местах каждый (тик+превью / осада+тревога), гварды и гейт на месте
  ---
  duration_ms: 4.122967
  type: 'test'
  ...
# Subtest: P14 формула-пины: компоненты и итог считаются детерминированно из четырёх фактов
ok 611 - P14 формула-пины: компоненты и итог считаются детерминированно из четырёх фактов
  ---
  duration_ms: 1.493732
  type: 'test'
  ...
# Subtest: P14 границы: минимум 54 (полный провал), максимум 400 (S), грейды S/A/B/C/D достижимы
ok 612 - P14 границы: минимум 54 (полный провал), максимум 400 (S), грейды S/A/B/C/D достижимы
  ---
  duration_ms: 0.251968
  type: 'test'
  ...
# Subtest: P14 капы и клампы входов: captures≤5, zeroDays≤8, recoveries≤2, lossesPct∈[0;1]
ok 613 - P14 капы и клампы входов: captures≤5, zeroDays≤8, recoveries≤2, lossesPct∈[0;1]
  ---
  duration_ms: 0.473199
  type: 'test'
  ...
# Subtest: P14 robustness: мусорные входы не бросают и читаются как нули; факты не мутируются
ok 614 - P14 robustness: мусорные входы не бросают и читаются как нули; факты не мутируются
  ---
  duration_ms: 0.447222
  type: 'test'
  ...
# Subtest: P14 форма ответа: {score, grade, parts{4}, max}, score всегда в 50..400
ok 615 - P14 форма ответа: {score, grade, parts{4}, max}, score всегда в 50..400
  ---
  duration_ms: 4.593142
  type: 'test'
  ...
# Subtest: P14 app.js: факт-коллектор из существующих полей + строка при 20/20 в панели сезона за модификатором
ok 616 - P14 app.js: факт-коллектор из существующих полей + строка при 20/20 в панели сезона за модификатором
  ---
  duration_ms: 0.874512
  type: 'test'
  ...
# Subtest: P14 модель: экспорт и чистота формулы (никаких Date/random/каталога в weeklyScore)
ok 617 - P14 модель: экспорт и чистота формулы (никаких Date/random/каталога в weeklyScore)
  ---
  duration_ms: 0.474452
  type: 'test'
  ...
1..617
# tests 617
# suites 0
# pass 617
# fail 0
# cancelled 0
# skipped 0
# todo 0
# duration_ms 16300.46038
