$ npm run test

> neurodeck@0.0.0 test
> node --test tests/*.test.js

TAP version 13
# Subtest: P21 дефолты по правилу 20: музыка выключена, SFX тихо, без сохранённого состояния
ok 1 - P21 дефолты по правилу 20: музыка выключена, SFX тихо, без сохранённого состояния
  ---
  duration_ms: 2.621696
  type: 'test'
  ...
# Subtest: P21 mix(): мьют категории/мастера глушит, иначе произведение; SFX-эффект ≤ 0.3
ok 2 - P21 mix(): мьют категории/мастера глушит, иначе произведение; SFX-эффект ≤ 0.3
  ---
  duration_ms: 0.702856
  type: 'test'
  ...
# Subtest: P21 setVol клампит и квантует к 5%; сохранение переживает перезагрузку (localStorage)
ok 3 - P21 setVol клампит и квантует к 5%; сохранение переживает перезагрузку (localStorage)
  ---
  duration_ms: 2.783652
  type: 'test'
  ...
# Subtest: P21 sanitize: битый JSON/чужие ключи/вне диапазона → дефолты-меш, без throw
ok 4 - P21 sanitize: битый JSON/чужие ключи/вне диапазона → дефолты-меш, без throw
  ---
  duration_ms: 1.164656
  type: 'test'
  ...
# Subtest: P21 reset(): дефолты (правило 20) + сразу в localStorage
ok 5 - P21 reset(): дефолты (правило 20) + сразу в localStorage
  ---
  duration_ms: 0.72578
  type: 'test'
  ...
# Subtest: P21 правило 20 (юнит-часть): tone() до unlock — тихий no-op, WebAudio в Node нет
ok 6 - P21 правило 20 (юнит-часть): tone() до unlock — тихий no-op, WebAudio в Node нет
  ---
  duration_ms: 0.546159
  type: 'test'
  ...
# Subtest: P21 правило 20 (source): одноразовые unlock-слушатели + гейт _unlocked в tone
ok 7 - P21 правило 20 (source): одноразовые unlock-слушатели + гейт _unlocked в tone
  ---
  duration_ms: 3.3099
  type: 'test'
  ...
# Subtest: P21 app.js: все 10 sfx разнесены по категориям через ndSfx (typeof-гвард)
ok 8 - P21 app.js: все 10 sfx разнесены по категориям через ndSfx (typeof-гвард)
  ---
  duration_ms: 10.503221
  type: 'test'
  ...
# Subtest: P21 app.js: клик-кейсы микшера + рендер секции; секция в syncModal (index.html)
ok 9 - P21 app.js: клик-кейсы микшера + рендер секции; секция в syncModal (index.html)
  ---
  duration_ms: 5.474112
  type: 'test'
  ...
# Subtest: P21 подключение: audio.js грузится до app.js и в SW-прекэше; схема сейва не тронута
ok 10 - P21 подключение: audio.js грузится до app.js и в SW-прекэше; схема сейва не тронута
  ---
  duration_ms: 1.694331
  type: 'test'
  ...
# Subtest: P21 app.js: категория тона не меняет вызовы — sfx-имена и call-сайты целы
ok 11 - P21 app.js: категория тона не меняет вызовы — sfx-имена и call-сайты целы
  ---
  duration_ms: 3.052459
  type: 'test'
  ...
# Subtest: C5: у всех 11 боссов есть artIcon из ICON_PATHS, файлы gameicons на месте и без чёрного фона
ok 12 - C5: у всех 11 боссов есть artIcon из ICON_PATHS, файлы gameicons на месте и без чёрного фона
  ---
  duration_ms: 1.803244
  type: 'test'
  ...
# Subtest: C5: bossCardHtml — game-icon портрет с эмодзи-фолббэком (extract-харнесс без artIconHtml)
ok 13 - C5: bossCardHtml — game-icon портрет с эмодзи-фолббэком (extract-харнесс без artIconHtml)
  ---
  duration_ms: 6.406386
  type: 'test'
  ...
# Subtest: C5: maybeBossIntro — лор-тост один раз на босса, только когда провинция собрана
ok 14 - C5: maybeBossIntro — лор-тост один раз на босса, только когда провинция собрана
  ---
  duration_ms: 4.51662
  type: 'test'
  ...
# Subtest: C5: победа — defeated + pendingReward, тост ведёт к выбору награды (пин волны Г2: имя артефакта в тосте)
ok 15 - C5: победа — defeated + pendingReward, тост ведёт к выбору награды (пин волны Г2: имя артефакта в тосте)
  ---
  duration_ms: 2.701838
  type: 'test'
  ...
# Subtest: C5: bossArtifactMult — pending гасит артефакт, выбор crown снимает, artifact возвращает, легаси-дефолт цел
ok 16 - C5: bossArtifactMult — pending гасит артефакт, выбор crown снимает, artifact возвращает, легаси-дефолт цел
  ---
  duration_ms: 4.572796
  type: 'test'
  ...
# Subtest: C5: chooseBossReward crown — венец сезона +1 (кап 5), повторное предложение гаснет
ok 17 - C5: chooseBossReward crown — венец сезона +1 (кап 5), повторное предложение гаснет
  ---
  duration_ms: 3.517716
  type: 'test'
  ...
# Subtest: C5: chooseBossReward ruin — восстанавливается самая дорогая руина; без руин — отказ
ok 18 - C5: chooseBossReward ruin — восстанавливается самая дорогая руина; без руин — отказ
  ---
  duration_ms: 2.513432
  type: 'test'
  ...
# Subtest: C5: chooseBossReward artifact — легаси-поведение награды, пассив включается
ok 19 - C5: chooseBossReward artifact — легаси-поведение награды, пассив включается
  ---
  duration_ms: 1.761152
  type: 'test'
  ...
# Subtest: C5: maybePendingBossReward — висящий выбор предлагается снова, битый pending очищается
ok 20 - C5: maybePendingBossReward — висящий выбор предлагается снова, битый pending очищается
  ---
  duration_ms: 2.266217
  type: 'test'
  ...
# Subtest: C5: sanitizeHero bosses — introSeen/rewardChoice/pendingReward в whitelist, мусор вычищается
ok 21 - C5: sanitizeHero bosses — introSeen/rewardChoice/pendingReward в whitelist, мусор вычищается
  ---
  duration_ms: 0.977233
  type: 'test'
  ...
# Subtest: C5: миграция v12→v13 — дефолты полей босс-арок, мусор клэмпится, idempotent
ok 22 - C5: миграция v12→v13 — дефолты полей босс-арок, мусор клэмпится, idempotent
  ---
  duration_ms: 0.547701
  type: 'test'
  ...
# Subtest: C5: интеграции в app.js — модалка, диспетчер, хук вступления, возврат pending
ok 23 - C5: интеграции в app.js — модалка, диспетчер, хук вступления, возврат pending
  ---
  duration_ms: 1.157978
  type: 'test'
  ...
# [bot] reminder 2026-9-17 sent: 2
# [bot] reminder 2026-9-17 sent: 1
# [bot] reminder -> 111 socks timeout
# [bot] reminder 2026-9-17 sent: 1
# [bot] poll: socks timeout
# Subtest: polling.js: экспорт-контракт на месте (module.exports + require.main-guard)
ok 24 - polling.js: экспорт-контракт на месте (module.exports + require.main-guard)
  ---
  duration_ms: 1.177136
  type: 'test'
  ...
# Subtest: mskParts: ключ даты и MSK-часы (UTC+3)
ok 25 - mskParts: ключ даты и MSK-часы (UTC+3)
  ---
  duration_ms: 15.513119
  type: 'test'
  ...
# Subtest: schedulerTick: в окне 21:31 шлёт только подписанным, отписанные скипает
ok 26 - schedulerTick: в окне 21:31 шлёт только подписанным, отписанные скипает
  ---
  duration_ms: 2.740295
  type: 'test'
  ...
# Subtest: schedulerTick: вне окна — тишина; повторно в тот же день — не дублирует
ok 27 - schedulerTick: вне окна — тишина; повторно в тот же день — не дублирует
  ---
  duration_ms: 2.316093
  type: 'test'
  ...
# Subtest: schedulerTick: ошибка API на одном чате не валит рассылку остальных
ok 28 - schedulerTick: ошибка API на одном чате не валит рассылку остальных
  ---
  duration_ms: 1.300752
  type: 'test'
  ...
# Subtest: handleMessage /start: подписка сохраняется + ответ с инструкцией
ok 29 - handleMessage /start: подписка сохраняется + ответ с инструкцией
  ---
  duration_ms: 0.810249
  type: 'test'
  ...
# Subtest: handleMessage /stop: отписка сохраняется, /status отражает состояние
ok 30 - handleMessage /stop: отписка сохраняется, /status отражает состояние
  ---
  duration_ms: 0.532798
  type: 'test'
  ...
# Subtest: handleMessage: неизвестная команда — ничего не шлёт и не пишет
ok 31 - handleMessage: неизвестная команда — ничего не шлёт и не пишет
  ---
  duration_ms: 0.283179
  type: 'test'
  ...
# Subtest: handleMessage: сообщение без текста — игнор
ok 32 - handleMessage: сообщение без текста — игнор
  ---
  duration_ms: 0.320246
  type: 'test'
  ...
# [bot] poll: socks timeout
# Subtest: pollLoop: ошибка API → ретрай, offset не теряется
ok 33 - pollLoop: ошибка API → ретрай, offset не теряется
  ---
  duration_ms: 10.192218
  type: 'test'
  ...
# Subtest: bot/neurodeck-bot.service (каноничный юнит в репо): file exists and parses structurally
ok 34 - bot/neurodeck-bot.service (каноничный юнит в репо): file exists and parses structurally
  ---
  duration_ms: 1.42373
  type: 'test'
  ...
# Subtest: /etc/systemd/system/neurodeck-bot.service must be a symlink to the repo copy (single source of truth, no drift possible)
ok 35 - /etc/systemd/system/neurodeck-bot.service must be a symlink to the repo copy (single source of truth, no drift possible)
  ---
  duration_ms: 0.652009
  type: 'test'
  ...
# Subtest: neurodeck-bot unit: ExecStart/EnvironmentFile targets exist on disk
ok 36 - neurodeck-bot unit: ExecStart/EnvironmentFile targets exist on disk
  ---
  duration_ms: 0.687051
  type: 'test'
  ...
# Subtest: neurodeck-bot unit: restart policy and token env are wired
ok 37 - neurodeck-bot unit: restart policy and token env are wired
  ---
  duration_ms: 0.282819
  type: 'test'
  ...
# Subtest: neurodeck-bot: token never committed to git
ok 38 - neurodeck-bot: token never committed to git
  ---
  duration_ms: 0.298323
  type: 'test'
  ...
# [bot] reminder 2026-9-20 sent: 1
# [bot] reminder 2026-9-17 sent: 1
# [bot] reminder 2026-9-17 sent: 1
# [bot] reminder 2026-9-17 sent: 1
# Subtest: normEntry: легаси true/false читаются как daily/off, мусор — дефолты
ok 39 - normEntry: легаси true/false читаются как daily/off, мусор — дефолты
  ---
  duration_ms: 1.703975
  type: 'test'
  ...
# Subtest: parseHHMM: ЧЧ:ММ валидируется
ok 40 - parseHHMM: ЧЧ:ММ валидируется
  ---
  duration_ms: 0.535312
  type: 'test'
  ...
# Subtest: schedulerTick: режим sunday — только воскресенье
ok 41 - schedulerTick: режим sunday — только воскресенье
  ---
  duration_ms: 16.27233
  type: 'test'
  ...
# Subtest: schedulerTick: кастомное время /start 08:15 срабатывает в 08:15, а не в 21:30
ok 42 - schedulerTick: кастомное время /start 08:15 срабатывает в 08:15, а не в 21:30
  ---
  duration_ms: 1.910629
  type: 'test'
  ...
# Subtest: schedulerTick: рестарт не дублирует, простой ≤2 ч — догоняет
ok 43 - schedulerTick: рестарт не дублирует, простой ≤2 ч — догоняет
  ---
  duration_ms: 3.161655
  type: 'test'
  ...
# Subtest: handleMessage: /start daily|sunday|off и /start ЧЧ:ММ применяются и подтверждаются
ok 44 - handleMessage: /start daily|sunday|off и /start ЧЧ:ММ применяются и подтверждаются
  ---
  duration_ms: 1.051475
  type: 'test'
  ...
# Subtest: handleMessage: /start при выключенном чате снова включает (v2 поверх легаси false)
ok 45 - handleMessage: /start при выключенном чате снова включает (v2 поверх легаси false)
  ---
  duration_ms: 0.407598
  type: 'test'
  ...
# Subtest: каталог: у всех 20 твердынь branch из {safe,war,trade} и next-массив существующих id
ok 46 - каталог: у всех 20 твердынь branch из {safe,war,trade} и next-массив существующих id
  ---
  duration_ms: 2.44627
  type: 'test'
  ...
# Subtest: граф ацикличен: next ссылается только вперёд по каталогу (обратные рёбра/циклы запрещены)
ok 47 - граф ацикличен: next ссылается только вперёд по каталогу (обратные рёбра/циклы запрещены)
  ---
  duration_ms: 0.349921
  type: 'test'
  ...
# Subtest: next ссылается только на соседей: цель в пределах i+1..i+2
ok 48 - next ссылается только на соседей: цель в пределах i+1..i+2
  ---
  duration_ms: 0.208877
  type: 'test'
  ...
# Subtest: связность: из sh01 по next-рёбрам достижимы все 20 твердынь
ok 49 - связность: из sh01 по next-рёбрам достижимы все 20 твердынь
  ---
  duration_ms: 0.262709
  type: 'test'
  ...
# Subtest: развилки только в пров. 2 и 4: next.length=2 ровно у sh07/sh17; пров. 1 и 3 линейны
ok 50 - развилки только в пров. 2 и 4: next.length=2 ровно у sh07/sh17; пров. 1 и 3 линейны
  ---
  duration_ms: 0.873276
  type: 'test'
  ...
# Subtest: ветки сходятся: у развилки оба пути ведут в один выход провинции; переходы провинций связаны
ok 51 - ветки сходятся: у развилки оба пути ведут в один выход провинции; переходы провинций связаны
  ---
  duration_ms: 0.282538
  type: 'test'
  ...
# Subtest: торговый характер развилок: узлы trade есть только в пров. 2 и 4
ok 52 - торговый характер развилок: узлы trade есть только в пров. 2 и 4
  ---
  duration_ms: 0.158611
  type: 'test'
  ...
# Subtest: tradeRoutesGraph 1:1 с tradeRoutes на линейном графе (совместимость)
ok 53 - tradeRoutesGraph 1:1 с tradeRoutes на линейном графе (совместимость)
  ---
  duration_ms: 0.538236
  type: 'test'
  ...
# Subtest: tradeRoutesGraph: явные рёбра парами id и map-форматом эквивалентны
ok 54 - tradeRoutesGraph: явные рёбра парами id и map-форматом эквивалентны
  ---
  duration_ms: 0.471365
  type: 'test'
  ...
# Subtest: tradeRoutesGraph по каталогу: полный захват = 21 маршруту (19 линейных + 2 диагонали развилок), кап +38%
ok 55 - tradeRoutesGraph по каталогу: полный захват = 21 маршруту (19 линейных + 2 диагонали развилок), кап +38%
  ---
  duration_ms: 0.700954
  type: 'test'
  ...
# Subtest: обход ветки: захват мимо sh08 даёт графу 8 маршрутов против 7 индексных (диагональ sh07→sh09)
ok 56 - обход ветки: захват мимо sh08 даёт графу 8 маршрутов против 7 индексных (диагональ sh07→sh09)
  ---
  duration_ms: 0.225021
  type: 'test'
  ...
# Subtest: захват одной ветки развилки: ш07+ш09 без ш08 — доход с графом не хуже индексного
ok 57 - захват одной ветки развилки: ш07+ш09 без ш08 — доход с графом не хуже индексного
  ---
  duration_ms: 0.154164
  type: 'test'
  ...
# Subtest: фоллбэк: каталог без next у всех узлов → индексная смежность (та же семантика, что tradeRoutes)
ok 58 - фоллбэк: каталог без next у всех узлов → индексная смежность (та же семантика, что tradeRoutes)
  ---
  duration_ms: 1.13992
  type: 'test'
  ...
# Subtest: robustness: неизвестные id в edges игнорируются; кривой ввод даёт 0
ok 59 - robustness: неизвестные id в edges игнорируются; кривой ввод даёт 0
  ---
  duration_ms: 0.15207
  type: 'test'
  ...
# Subtest: P17 модель: силы тиров каталога, stackPower/armyPower/defensePower — золотые значения
ok 60 - P17 модель: силы тиров каталога, stackPower/armyPower/defensePower — золотые значения
  ---
  duration_ms: 1.42483
  type: 'test'
  ...
# Subtest: P17 модель: siegePower — золотая таблица SPEC §5 (капы недели/гнева, мусорные входы)
ok 61 - P17 модель: siegePower — золотая таблица SPEC §5 (капы недели/гнева, мусорные входы)
  ---
  duration_ms: 0.225472
  type: 'test'
  ...
# Subtest: P17 модель: assaultOutcome — победа/поражение, attrition-модификаторы, клампы
ok 62 - P17 модель: assaultOutcome — победа/поражение, attrition-модификаторы, клампы
  ---
  duration_ms: 0.996812
  type: 'test'
  ...
# Subtest: P17 модель: торговые пути — индексные vs графовые (расхождение на развилке каталога), фронтир
ok 63 - P17 модель: торговые пути — индексные vs графовые (расхождение на развилке каталога), фронтир
  ---
  duration_ms: 0.833294
  type: 'test'
  ...
# Subtest: P17 модель: weekly-модификаторы — детерминизм (сезон 1, неделя 1) = «Жадность», гейт эндгейма 20/20
ok 64 - P17 модель: weekly-модификаторы — детерминизм (сезон 1, неделя 1) = «Жадность», гейт эндгейма 20/20
  ---
  duration_ms: 0.300506
  type: 'test'
  ...
# Subtest: P17 экономика: strongholdsDailyTick — оплаченный день (налоги+эконом+рынок; Хутора −10% в тике)
ok 65 - P17 экономика: strongholdsDailyTick — оплаченный день (налоги+эконом+рынок; Хутора −10% в тике)
  ---
  duration_ms: 3.008513
  type: 'test'
  ...
# Subtest: P17 экономика: strongholdsDailyTick — дефицит: gold=0, долг+1, руина на grace+step+1, иммунитет builtAt
ok 66 - P17 экономика: strongholdsDailyTick — дефицит: gold=0, долг+1, руина на grace+step+1, иммунитет builtAt
  ---
  duration_ms: 1.526194
  type: 'test'
  ...
# Subtest: P17 экономика: strongholdsDailyTick — незахваченный стартовый лагерь вне экономики
ok 67 - P17 экономика: strongholdsDailyTick — незахваченный стартовый лагерь вне экономики
  ---
  duration_ms: 0.999486
  type: 'test'
  ...
# Subtest: P17 экономика: strongholdsDailyTick — Пепел ×1.1 налог/содержание; рынок суммируется по королевству с капом 50%
ok 68 - P17 экономика: strongholdsDailyTick — Пепел ×1.1 налог/содержание; рынок суммируется по королевству с капом 50%
  ---
  duration_ms: 2.075057
  type: 'test'
  ...
# Subtest: P17 экономика: превью казны == тик (нейтральные множители); асимметрии округления и тотема — как есть
ok 69 - P17 экономика: превью казны == тик (нейтральные множители); асимметрии округления и тотема — как есть
  ---
  duration_ms: 2.905987
  type: 'test'
  ...
# Subtest: P17 осада: оборона держит — сила врага 28 vs оборона 113, гарнизон −15%, XP, week+1, win
ok 70 - P17 осада: оборона держит — сила врага 28 vs оборона 113, гарнизон −15%, XP, week+1, win
  ---
  duration_ms: 1.115732
  type: 'test'
  ...
# Subtest: P17 осада: формула гнева — min(10; 2×ghosts + wkSkips + wkTaskFails + approach)
ok 71 - P17 осада: формула гнева — min(10; 2×ghosts + wkSkips + wkTaskFails + approach)
  ---
  duration_ms: 1.063252
  type: 'test'
  ...
# Subtest: P17 осада: падение и каскад ×0.85 — capturedCount пересчитывается, прорыв останавливается
ok 72 - P17 осада: падение и каскад ×0.85 — capturedCount пересчитывается, прорыв останавливается
  ---
  duration_ms: 0.516734
  type: 'test'
  ...
# Subtest: P17 осада: анти-тупик — полный разгром возвращает прибежище sh01 в руине
ok 73 - P17 осада: анти-тупик — полный разгром возвращает прибежище sh01 в руине
  ---
  duration_ms: 0.499518
  type: 'test'
  ...
# Subtest: P17 осада: 0 захваченных — week=1 и тишина (без отчёта и хроники)
ok 74 - P17 осада: 0 захваченных — week=1 и тишина (без отчёта и хроники)
  ---
  duration_ms: 0.42248
  type: 'test'
  ...
# Subtest: P17 осада: applyStackLoss — floor-потери, стопа не исчезает полностью (SPEC §4)
ok 75 - P17 осада: applyStackLoss — floor-потери, стопа не исчезает полностью (SPEC §4)
  ---
  duration_ms: 0.35612
  type: 'test'
  ...
# Subtest: P17 штурм: requestAssault — гейты суток/армии, фронтир-редирект, тактика с 3-й твердыни
ok 76 - P17 штурм: requestAssault — гейты суток/армии, фронтир-редирект, тактика с 3-й твердыни
  ---
  duration_ms: 14.600594
  type: 'test'
  ...
# Subtest: P17 штурм: doAssault победа — потери floor, таран/лестницы расходуются, week=1, хроника/тост/XP
ok 77 - P17 штурм: doAssault победа — потери floor, таран/лестницы расходуются, week=1, хроника/тост/XP
  ---
  duration_ms: 1.596452
  type: 'test'
  ...
# Subtest: P17 штурм: таблица TACTICS реальна; doAssault поражение — без захвата, потери 10–30%, повтор завтра
ok 78 - P17 штурм: таблица TACTICS реальна; doAssault поражение — без захвата, потери 10–30%, повтор завтра
  ---
  duration_ms: 1.134982
  type: 'test'
  ...
# Subtest: P17 штурм: doAssault «Натиск» — атака ×1.25, потери ×2 (tacticAttrMult), победа дороже
ok 79 - P17 штурм: doAssault «Натиск» — атака ×1.25, потери ×2 (tacticAttrMult), победа дороже
  ---
  duration_ms: 0.808817
  type: 'test'
  ...
# Subtest: P17 штурм: assaultForecast — atk/defN на реальном каталоге, диапазон без Гильдии, точные числа со sp1
ok 80 - P17 штурм: assaultForecast — atk/defN на реальном каталоге, диапазон без Гильдии, точные числа со sp1
  ---
  duration_ms: 0.806914
  type: 'test'
  ...
# Subtest: writeCloudGeneration: чанки под nd_<gen>_<i>, плоские nd_<i> не пишутся, nd_meta — строго последняя с v3-полями
ok 81 - writeCloudGeneration: чанки под nd_<gen>_<i>, плоские nd_<i> не пишутся, nd_meta — строго последняя с v3-полями
  ---
  duration_ms: 14.337756
  type: 'test'
  ...
# Subtest: writeCloudGeneration → loadCloudChunks: roundtrip и отсечение подменённого чанка
ok 82 - writeCloudGeneration → loadCloudChunks: roundtrip и отсечение подменённого чанка
  ---
  duration_ms: 16.783666
  type: 'test'
  ...
# Subtest: loadCloudChunks: легаси-meta без g читает плоские nd_<i> как раньше (обратная совместимость)
ok 83 - loadCloudChunks: легаси-meta без g читает плоские nd_<i> как раньше (обратная совместимость)
  ---
  duration_ms: 0.63958
  type: 'test'
  ...
# Subtest: loadCloudChunks: отсутствующий чанк → ошибка (commit-pointer указывает на неполные данные)
ok 84 - loadCloudChunks: отсутствующий чанк → ошибка (commit-pointer указывает на неполные данные)
  ---
  duration_ms: 0.37501
  type: 'test'
  ...
# Subtest: сбой записи чанка (инжект): meta не сдвинута, закоммиченное поколение физически нетронуто и читается
ok 85 - сбой записи чанка (инжект): meta не сдвинута, закоммиченное поколение физически нетронуто и читается
  ---
  duration_ms: 21.747724
  type: 'test'
  ...
# Subtest: сбой записи meta (инжект): свои чанки вычищены, meta не сдвинута — облако остаётся на прошлом поколении
ok 86 - сбой записи meta (инжект): свои чанки вычищены, meta не сдвинута — облако остаётся на прошлом поколении
  ---
  duration_ms: 21.393787
  type: 'test'
  ...
# Subtest: writer conflict (CAS): чужое более свежее поколение не затирается, свои чанки вычищены
ok 87 - writer conflict (CAS): чужое более свежее поколение не затирается, свои чанки вычищены
  ---
  duration_ms: 22.039968
  type: 'test'
  ...
# Subtest: writer conflict: чужое более старое поколение → коммитим, prev указывает на него (цепочка цела)
ok 88 - writer conflict: чужое более старое поколение → коммитим, prev указывает на него (цепочка цела)
  ---
  duration_ms: 22.474366
  type: 'test'
  ...
# Subtest: ndSnapshotChecksum: детерминирован и чувствителен к одному символу
ok 89 - ndSnapshotChecksum: детерминирован и чувствителен к одному символу
  ---
  duration_ms: 0.678038
  type: 'test'
  ...
# Subtest: прод-код не пишет плоские облачные чанки и держит fault-хуки выключенными
ok 90 - прод-код не пишет плоские облачные чанки и держит fault-хуки выключенными
  ---
  duration_ms: 0.795716
  type: 'test'
  ...
# Subtest: pushCloudChunks (обёртка): конфликт прокидывается, badge offline, onDone зовётся
ok 91 - pushCloudChunks (обёртка): конфликт прокидывается, badge offline, onDone зовётся
  ---
  duration_ms: 10.894783
  type: 'test'
  ...
# Subtest: rollback: закоммиченное поколение повреждено → читатель получает prev (cloud_rollback_used)
ok 92 - rollback: закоммиченное поколение повреждено → читатель получает prev (cloud_rollback_used)
  ---
  duration_ms: 26.125375
  type: 'test'
  ...
# Subtest: rollback исчерпан: оба поколения повреждены → ошибка наружу (работают recovery-потоки)
ok 93 - rollback исчерпан: оба поколения повреждены → ошибка наружу (работают recovery-потоки)
  ---
  duration_ms: 23.408071
  type: 'test'
  ...
# Subtest: retention: живы ровно два последних поколения, чанки старшего вычищены
ok 94 - retention: живы ровно два последних поколения, чанки старшего вычищены
  ---
  duration_ms: 33.705602
  type: 'test'
  ...
# Subtest: первый v3-коммит поверх легаси-плоскости: nd_0..n-1 остаются как rollback-копия, surplus вычищен
ok 95 - первый v3-коммит поверх легаси-плоскости: nd_0..n-1 остаются как rollback-копия, surplus вычищен
  ---
  duration_ms: 12.470303
  type: 'test'
  ...
# Subtest: интеграция конфликта: чужой коммит В ПОЛЁТЕ наших чанков → более свежее поколение не затёрто
ok 96 - интеграция конфликта: чужой коммит В ПОЛЁТЕ наших чанков → более свежее поколение не затёрто
  ---
  duration_ms: 21.635724
  type: 'test'
  ...
# Subtest: onDone зовётся ровно один раз на всех путях (успех / ошибка чанка / конфликт)
ok 97 - onDone зовётся ровно один раз на всех путях (успех / ошибка чанка / конфликт)
  ---
  duration_ms: 43.882847
  type: 'test'
  ...
# Subtest: resetAllData: облако вайпается — commit-pointer первым, чанки cur- и prev-поколений
ok 98 - resetAllData: облако вайпается — commit-pointer первым, чанки cur- и prev-поколений
  ---
  duration_ms: 33.536113
  type: 'test'
  ...
# Subtest: DEFAULTS: только localhost:8095, телеметрия default off, ноль npm-зависимостей
ok 99 - DEFAULTS: только localhost:8095, телеметрия default off, ноль npm-зависимостей
  ---
  duration_ms: 1.576851
  type: 'test'
  ...
# Subtest: unit-файл nd-config.service изолирован от прод-бота (правило 17)
ok 100 - unit-файл nd-config.service изолирован от прод-бота (правило 17)
  ---
  duration_ms: 0.574121
  type: 'test'
  ...
# {"t":"2026-10-01T17:54:35.817Z","method":"GET","path":"/config/weekly-modifiers.v1.json","status":200,"ms":3}
# {"t":"2026-10-01T17:54:35.829Z","method":"GET","path":"/config/weekly-modifiers.v1.json","status":304,"ms":1}
# Subtest: GET /config/weekly-modifiers.v1.json: 200, байты 1:1 с артефактом, content-type, ETag→304
ok 101 - GET /config/weekly-modifiers.v1.json: 200, байты 1:1 с артефактом, content-type, ETag→304
  ---
  duration_ms: 57.157099
  type: 'test'
  ...
# {"t":"2026-10-01T17:54:35.835Z","method":"GET","path":"/config/unknown.json","status":404,"ms":1}
# {"t":"2026-10-01T17:54:35.837Z","method":"GET","path":"/env","status":404,"ms":0}
# {"t":"2026-10-01T17:54:35.839Z","method":"GET","path":"/server.cjs","status":404,"ms":1}
# {"t":"2026-10-01T17:54:35.842Z","method":"GET","path":"/config/nested/weekly-modifiers.v1.json","status":404,"ms":0}
# {"t":"2026-10-01T17:54:35.845Z","method":"GET","path":"/config/weekly-modifiers.vx.json","status":404,"ms":1}
# Subtest: GET /config/<не-whitelist>: 404 (неизвестное имя, обход, подкаталог)
ok 102 - GET /config/<не-whitelist>: 404 (неизвестное имя, обход, подкаталог)
  ---
  duration_ms: 16.560827
  type: 'test'
  ...
# {"t":"2026-10-01T17:54:35.850Z","method":"GET","path":"/healthz","status":200,"ms":0}
# {"t":"2026-10-01T17:54:35.854Z","method":"GET","path":"/","status":200,"ms":1}
# Subtest: GET / и /healthz: самопрезентация и живость (telemetry: disabled)
ok 103 - GET / и /healthz: самопрезентация и живость (telemetry: disabled)
  ---
  duration_ms: 8.851554
  type: 'test'
  ...
# {"t":"2026-10-01T17:54:35.865Z","method":"POST","path":"/v1/telemetry","status":503,"ms":1}
# Subtest: телеметрия выключена (default): POST → 503 telemetry_disabled, файл не создаётся
ok 104 - телеметрия выключена (default): POST → 503 telemetry_disabled, файл не создаётся
  ---
  duration_ms: 10.824978
  type: 'test'
  ...
# {"t":"2026-10-01T17:54:35.871Z","method":"POST","path":"/v1/telemetry","status":503,"ms":0}
# {"t":"2026-10-01T17:54:35.874Z","method":"POST","path":"/v1/telemetry","status":503,"ms":0}
# Subtest: fail-safe: флаг=1, но токен пустой/короткий → приёмник всё равно выключен
ok 105 - fail-safe: флаг=1, но токен пустой/короткий → приёмник всё равно выключен
  ---
  duration_ms: 9.70482
  type: 'test'
  ...
# {"t":"2026-10-01T17:54:35.879Z","method":"POST","path":"/v1/telemetry","status":401,"ms":0}
# {"t":"2026-10-01T17:54:35.881Z","method":"POST","path":"/v1/telemetry","status":401,"ms":0}
# {"t":"2026-10-01T17:54:35.885Z","method":"POST","path":"/v1/telemetry","status":202,"ms":0}
# {"t":"2026-10-01T17:54:35.889Z","method":"POST","path":"/v1/telemetry","status":202,"ms":1}
# Subtest: включённая телеметрия: без токена и с неверным → 401; с верным (Bearer и X-ND-Token) → 202 + JSONL
ok 106 - включённая телеметрия: без токена и с неверным → 401; с верным (Bearer и X-ND-Token) → 202 + JSONL
  ---
  duration_ms: 13.76697
  type: 'test'
  ...
# {"t":"2026-10-01T17:54:35.894Z","method":"POST","path":"/v1/telemetry","status":400,"ms":0}
# {"t":"2026-10-01T17:54:35.898Z","method":"POST","path":"/v1/telemetry","status":400,"ms":1}
# {"t":"2026-10-01T17:54:35.900Z","method":"POST","path":"/v1/telemetry","status":400,"ms":1}
# {"t":"2026-10-01T17:54:35.901Z","method":"POST","path":"/v1/telemetry","status":413,"ms":0}
# Subtest: валидация конверта: битый JSON → 400, массив/строка → 400, перелимит тела → 413
ok 107 - валидация конверта: битый JSON → 400, массив/строка → 400, перелимит тела → 413
  ---
  duration_ms: 11.937816
  type: 'test'
  ...
# {"t":"2026-10-01T17:54:35.909Z","method":"POST","path":"/v1/telemetry","status":202,"ms":0}
# {"t":"2026-10-01T17:54:35.913Z","method":"POST","path":"/v1/telemetry","status":202,"ms":0}
# {"t":"2026-10-01T17:54:35.914Z","method":"POST","path":"/v1/telemetry","status":202,"ms":0}
# {"t":"2026-10-01T17:54:35.915Z","method":"POST","path":"/v1/telemetry","status":429,"ms":0}
# Subtest: rate limit: после N валидных POST в окне → 429
ok 108 - rate limit: после N валидных POST в окне → 429
  ---
  duration_ms: 13.489739
  type: 'test'
  ...
# {"t":"2026-10-01T17:54:35.921Z","method":"POST","path":"/v1/telemetry","status":202,"ms":0}
# {"t":"2026-10-01T17:54:35.936Z","method":"POST","path":"/v1/telemetry","status":202,"ms":1}
# Subtest: ротация: при переполнении telemetry.jsonl → .1, данные не теряются молча
ok 109 - ротация: при переполнении telemetry.jsonl → .1, данные не теряются молча
  ---
  duration_ms: 20.998138
  type: 'test'
  ...
# Subtest: P7 daysToRuin: руина при долге > grace+step; казна и доход задерживают дефицит
ok 110 - P7 daysToRuin: руина при долге > grace+step; казна и доход задерживают дефицит
  ---
  duration_ms: 1.559946
  type: 'test'
  ...
# Subtest: P7 daysToRuin: сверка с реальным corruptionTick — ночь за ночью до руины
ok 111 - P7 daysToRuin: сверка с реальным corruptionTick — ночь за ночью до руины
  ---
  duration_ms: 0.632108
  type: 'test'
  ...
# Subtest: P7 dailyUpkeep: байт-паритет с corruptionTick по всем множителям (руина не ест)
ok 112 - P7 dailyUpkeep: байт-паритет с corruptionTick по всем множителям (руина не ест)
  ---
  duration_ms: 0.394508
  type: 'test'
  ...
# Subtest: P7 emergencyMaintenanceCost: ровно 2× дневного содержания, минимум 1💰
ok 113 - P7 emergencyMaintenanceCost: ровно 2× дневного содержания, минимум 1💰
  ---
  duration_ms: 0.295949
  type: 'test'
  ...
# Subtest: P7 applyEmergencyMaintenance: paid-ветка тика — +1 ступень всем, долг 0, вход не мутирует
ok 114 - P7 applyEmergencyMaintenance: paid-ветка тика — +1 ступень всем, долг 0, вход не мутирует
  ---
  duration_ms: 0.301968
  type: 'test'
  ...
# Subtest: P7 rebuildCost: −25% от цены постройки, ceil; мусорная цена → 0
ok 115 - P7 rebuildCost: −25% от цены постройки, ceil; мусорная цена → 0
  ---
  duration_ms: 0.139351
  type: 'test'
  ...
# Subtest: P7 проводка: strongholdsDailyTick собирает причину руины и верёт опты из corruptionTickOpts
ok 116 - P7 проводка: strongholdsDailyTick собирает причину руины и верёт опты из corruptionTickOpts
  ---
  duration_ms: 0.660211
  type: 'test'
  ...
# Subtest: P7 проводка: checkDailyReset показывает тост-причину разрушения
ok 117 - P7 проводка: checkDailyReset показывает тост-причину разрушения
  ---
  duration_ms: 0.789497
  type: 'test'
  ...
# Subtest: P7 проводка: прогноз в обзоре Твердынь + единый step/множители + экшены
ok 118 - P7 проводка: прогноз в обзоре Твердынь + единый step/множители + экшены
  ---
  duration_ms: 1.195684
  type: 'test'
  ...
# Subtest: P7 corruptionForecastDays: худший долг по королевству (руина/непостроенные/незахваченные не считаются)
ok 119 - P7 corruptionForecastDays: худший долг по королевству (руина/непостроенные/незахваченные не считаются)
  ---
  duration_ms: 0.98893
  type: 'test'
  ...
# Subtest: P7 corruptionForecastLineHtml: строка только при угрозе
ok 120 - P7 corruptionForecastLineHtml: строка только при угрозе
  ---
  duration_ms: 0.566138
  type: 'test'
  ...
# Subtest: P7 requestEmergencyMaintenance: платит 2× содержания, лечит на ступень, долг 0, сейв
ok 121 - P7 requestEmergencyMaintenance: платит 2× содержания, лечит на ступень, долг 0, сейв
  ---
  duration_ms: 0.651608
  type: 'test'
  ...
# Subtest: P7 requestEmergencyMaintenance: мало золота/чинить нечего — казна и постройки не тронуты
ok 122 - P7 requestEmergencyMaintenance: мало золота/чинить нечего — казна и постройки не тронуты
  ---
  duration_ms: 0.606319
  type: 'test'
  ...
# Subtest: P7 rebuildBuilding: скидка 25% от цены постройки, «как новая» (builtAt иммунитет), сейв
ok 123 - P7 rebuildBuilding: скидка 25% от цены постройки, «как новая» (builtAt иммунитет), сейв
  ---
  duration_ms: 1.058475
  type: 'test'
  ...
# Subtest: P7 builtTileHtml: кнопка восстановления только у worn/ruin и только с ценой
ok 124 - P7 builtTileHtml: кнопка восстановления только у worn/ruin и только с ценой
  ---
  duration_ms: 0.583005
  type: 'test'
  ...
# Subtest: P7 CSS: .sh-ruin-forecast/.sh-emergency/.sh-rebuild (статичные — без motion-гейтов)
ok 125 - P7 CSS: .sh-ruin-forecast/.sh-emergency/.sh-rebuild (статичные — без motion-гейтов)
  ---
  duration_ms: 0.338764
  type: 'test'
  ...
# Subtest: P6 buildingBreakdown: Δдоход/Δсодержание из двух прогонов превью, окупаемость ceil(цена/нетто)
ok 126 - P6 buildingBreakdown: Δдоход/Δсодержание из двух прогонов превью, окупаемость ceil(цена/нетто)
  ---
  duration_ms: 1.718696
  type: 'test'
  ...
# Subtest: P6 buildingBreakdown: существующая (не построенная) запись восстанавливается байт-в-байт
ok 127 - P6 buildingBreakdown: существующая (не построенная) запись восстанавливается байт-в-байт
  ---
  duration_ms: 0.587501
  type: 'test'
  ...
# Subtest: P6 buildingBreakdown: нетто ≤ 0 → payback null; мусорный bid → null
ok 128 - P6 buildingBreakdown: нетто ≤ 0 → payback null; мусорный bid → null
  ---
  duration_ms: 0.861897
  type: 'test'
  ...
# Subtest: P6 buildingBreakdownHtml: «до → после», цена в окупаемости, «золотом не окупается»
ok 129 - P6 buildingBreakdownHtml: «до → после», цена в окупаемости, «золотом не окупается»
  ---
  duration_ms: 1.052407
  type: 'test'
  ...
# Subtest: P6 assaultBreakdownHtml: победа — соотношение + детерминированные потери формулой модели
ok 130 - P6 assaultBreakdownHtml: победа — соотношение + детерминированные потери формулой модели
  ---
  duration_ms: 0.713412
  type: 'test'
  ...
# Subtest: P6 assaultBreakdownHtml: поражение — worst-case 30% верхним краем формулы, таран ×0.9
ok 131 - P6 assaultBreakdownHtml: поражение — worst-case 30% верхним краем формулы, таран ×0.9
  ---
  duration_ms: 0.742166
  type: 'test'
  ...
# Subtest: P6 assaultBreakdownHtml: worst-case переиспользует attrition-формулу модели (пин семантики)
ok 132 - P6 assaultBreakdownHtml: worst-case переиспользует attrition-формулу модели (пин семантики)
  ---
  duration_ms: 0.19775
  type: 'test'
  ...
# Subtest: P6 встройка: buyTileHtml несёт брейкдаун; requestAssault/requestTactic рендерят блок
ok 133 - P6 встройка: buyTileHtml несёт брейкдаун; requestAssault/requestTactic рендерят блок
  ---
  duration_ms: 2.027024
  type: 'test'
  ...
# Subtest: P6 CSS: .sh-tile-break/.assault-breakdown + eco/reduced-motion гейты
ok 134 - P6 CSS: .sh-tile-break/.assault-breakdown + eco/reduced-motion гейты
  ---
  duration_ms: 0.661543
  type: 'test'
  ...
# Subtest: event-bus: on → emit → подписчик получает payload; без подписчиков emit тих
ok 135 - event-bus: on → emit → подписчик получает payload; без подписчиков emit тих
  ---
  duration_ms: 1.725868
  type: 'test'
  ...
# Subtest: event-bus: без payload подписчик получает объект (не undefined)
ok 136 - event-bus: без payload подписчик получает объект (не undefined)
  ---
  duration_ms: 1.390189
  type: 'test'
  ...
# Subtest: event-bus: off() отписывает; падение подписчика изолировано от соседей
ok 137 - event-bus: off() отписывает; падение подписчика изолировано от соседей
  ---
  duration_ms: 0.269168
  type: 'test'
  ...
# Subtest: event-bus: лимит подписчиков — варн в консоль, но подписка работает
ok 138 - event-bus: лимит подписчиков — варн в консоль, но подписка работает
  ---
  duration_ms: 0.291963
  type: 'test'
  ...
# Subtest: storage.js: applySyncData и multi-tab-синк больше не зовут UI напрямую (шаг state-store)
ok 139 - storage.js: applySyncData и multi-tab-синк больше не зовут UI напрямую (шаг state-store)
  ---
  duration_ms: 0.502302
  type: 'test'
  ...
# Subtest: event-bus подключён в index.html до storage.js и в SW-прекэш
ok 140 - event-bus подключён в index.html до storage.js и в SW-прекэш
  ---
  duration_ms: 0.808276
  type: 'test'
  ...
# Subtest: старт: ничего не захвачено — фронтир = [0] (стартовый лагерь без предков)
ok 141 - старт: ничего не захвачено — фронтир = [0] (стартовый лагерь без предков)
  ---
  duration_ms: 2.756171
  type: 'test'
  ...
# Subtest: линейные стыки: 0..k захвачены — фронтир из одного узла k+1 (пров. 1/3 и входы пров. 2/4)
ok 142 - линейные стыки: 0..k захвачены — фронтир из одного узла k+1 (пров. 1/3 и входы пров. 2/4)
  ---
  duration_ms: 0.657578
  type: 'test'
  ...
# Subtest: развилка пров. 2: после sh07 фронтир = [sh08(war), sh09(safe)] — обе ветки открыты
ok 143 - развилка пров. 2: после sh07 фронтир = [sh08(war), sh09(safe)] — обе ветки открыты
  ---
  duration_ms: 0.292033
  type: 'test'
  ...
# Subtest: взял военную ветку (sh08): фронтир = [sh09, sh10] — обходная ветка и сходка открыты
ok 144 - взял военную ветку (sh08): фронтир = [sh09, sh10] — обходная ветка и сходка открыты
  ---
  duration_ms: 0.172131
  type: 'test'
  ...
# Subtest: обошёл военную ветку (sh08 не захвачена, дальше пройдено): sh08 остаётся целью — тупика нет
ok 145 - обошёл военную ветку (sh08 не захвачена, дальше пройдено): sh08 остаётся целью — тупика нет
  ---
  duration_ms: 0.146071
  type: 'test'
  ...
# Subtest: развилка пров. 4: после sh17 фронтир = [sh18(war), sh19(safe)]; обход sh18 не запирает
ok 146 - развилка пров. 4: после sh17 фронтир = [sh18(war), sh19(safe)]; обход sh18 не запирает
  ---
  duration_ms: 0.139492
  type: 'test'
  ...
# Subtest: полный захват: фронтир пуст; флаги-«дырки» после каскада осад дают первую дырку
ok 147 - полный захват: фронтир пуст; флаги-«дырки» после каскада осад дают первую дырку
  ---
  duration_ms: 0.218962
  type: 'test'
  ...
# Subtest: ДЕФОЛТ = ЛИНЕЙНЫЙ: минимальный индекс фронтира равен первой незахваченной (инвариант на биттернах)
ok 148 - ДЕФОЛТ = ЛИНЕЙНЫЙ: минимальный индекс фронтира равен первой незахваченной (инвариант на биттернах)
  ---
  duration_ms: 20.826377
  type: 'test'
  ...
# Subtest: фоллбэк: каталог без next → линейная семантика; без каталога — тоже
ok 149 - фоллбэк: каталог без next → линейная семантика; без каталога — тоже
  ---
  duration_ms: 0.650436
  type: 'test'
  ...
# Subtest: анти-тупик: разрывный каталог (нет рёбер в узел 6) — линейный фоллбэк вместо пустого фронтира
ok 150 - анти-тупик: разрывный каталог (нет рёбер в узел 6) — линейный фоллбэк вместо пустого фронтира
  ---
  duration_ms: 0.598928
  type: 'test'
  ...
# Subtest: robustness: не-массив флагов → пусто; короткий массив обрезается, а не валит функцию
ok 151 - robustness: не-массив флагов → пусто; короткий массив обрезается, а не валит функцию
  ---
  duration_ms: 0.288547
  type: 'test'
  ...
# Subtest: P22 ndMotionOk: сводка гейта — 4 комбинации eco × reduced-motion
ok 152 - P22 ndMotionOk: сводка гейта — 4 комбинации eco × reduced-motion
  ---
  duration_ms: 1.480877
  type: 'test'
  ...
# Subtest: P22 ndMotionOk: самодостаточен для extract-харнессов (typeof-гварды, правило 19)
ok 153 - P22 ndMotionOk: самодостаточен для extract-харнессов (typeof-гварды, правило 19)
  ---
  duration_ms: 0.269378
  type: 'test'
  ...
# Subtest: P22 матрица ND_HAPTICS: все значения — валидные типы HapticFeedback
ok 154 - P22 матрица ND_HAPTICS: все значения — валидные типы HapticFeedback
  ---
  duration_ms: 0.281587
  type: 'test'
  ...
# Subtest: P22 матрица ND_HAPTICS: P22-события reward/prep заведены
ok 155 - P22 матрица ND_HAPTICS: P22-события reward/prep заведены
  ---
  duration_ms: 0.189038
  type: 'test'
  ...
# Subtest: P22 ND_HAPTIC_VIBES: 7 типов, notification-паттерны — массивы мс
ok 156 - P22 ND_HAPTIC_VIBES: 7 типов, notification-паттерны — массивы мс
  ---
  duration_ms: 0.300937
  type: 'test'
  ...
# Subtest: P22 hapticFor: известное событие зовёт haptic(тип) и возвращает тип; неизвестное — тишина
ok 157 - P22 hapticFor: известное событие зовёт haptic(тип) и возвращает тип; неизвестное — тишина
  ---
  duration_ms: 2.05705
  type: 'test'
  ...
# Subtest: P22 haptic: браузерный фоллбэк navigator.vibrate по паттерну из матрицы
ok 158 - P22 haptic: браузерный фоллбэк navigator.vibrate по паттерну из матрицы
  ---
  duration_ms: 0.379535
  type: 'test'
  ...
# Subtest: P22 siegePrepAnimate: motion разрешён → класс вспышки на панели
ok 159 - P22 siegePrepAnimate: motion разрешён → класс вспышки на панели
  ---
  duration_ms: 0.502573
  type: 'test'
  ...
# Subtest: P22 siegePrepAnimate: гейт закрыт (reduced-motion/eco) → false, класс не вешается
ok 160 - P22 siegePrepAnimate: гейт закрыт (reduced-motion/eco) → false, класс не вешается
  ---
  duration_ms: 0.475552
  type: 'test'
  ...
# Subtest: P22 siegePrepAnimate: панели нет в DOM → false без исключения
ok 161 - P22 siegePrepAnimate: панели нет в DOM → false без исключения
  ---
  duration_ms: 0.394308
  type: 'test'
  ...
# Subtest: P22 пины: reveal-секвенция в showBossRewardChoice ограждена ndMotionOk
ok 162 - P22 пины: reveal-секвенция в showBossRewardChoice ограждена ndMotionOk
  ---
  duration_ms: 0.358393
  type: 'test'
  ...
# Subtest: P22 пины: подход/отмена/склад — siegePrepAnimate за typeof-гвардом, haptic-фоллбек сохранён
ok 163 - P22 пины: подход/отмена/склад — siegePrepAnimate за typeof-гвардом, haptic-фоллбек сохранён
  ---
  duration_ms: 0.486247
  type: 'test'
  ...
# Subtest: P22 пины: chooseBossReward — haptic через матрицу с фоллбеком
ok 164 - P22 пины: chooseBossReward — haptic через матрицу с фоллбеком
  ---
  duration_ms: 0.457835
  type: 'test'
  ...
# Subtest: P22 CSS: секвенция reveal ≤ 2с, вспышка подготовки без сдвига лэйаута
ok 165 - P22 CSS: секвенция reveal ≤ 2с, вспышка подготовки без сдвига лэйаута
  ---
  duration_ms: 0.574582
  type: 'test'
  ...
# Subtest: P22 аудит call-sites: все сырые haptic('тип') в продукте — валидные типы
ok 166 - P22 аудит call-sites: все сырые haptic('тип') в продукте — валидные типы
  ---
  duration_ms: 0.459927
  type: 'test'
  ...
# Subtest: App.js no longer declares storage functions (extracted to storage.js)
ok 167 - App.js no longer declares storage functions (extracted to storage.js)
  ---
  duration_ms: 10.777425
  type: 'test'
  ...
# Subtest: Storage.js declares all storage functions
ok 168 - Storage.js declares all storage functions
  ---
  duration_ms: 0.592348
  type: 'test'
  ...
# Subtest: App.js no longer has dead Canvas 2D combat code
ok 169 - App.js no longer has dead Canvas 2D combat code
  ---
  duration_ms: 2.568005
  type: 'test'
  ...
# Subtest: App.js: tract economy removed, stronghold systems present
ok 170 - App.js: tract economy removed, stronghold systems present
  ---
  duration_ms: 3.85016
  type: 'test'
  ...
# Subtest: No combat bridge remnants in app.js
ok 171 - No combat bridge remnants in app.js
  ---
  duration_ms: 1.439203
  type: 'test'
  ...
# Subtest: Rank-up flow chains single unified edit modal (A2: banner -> one modal)
ok 172 - Rank-up flow chains single unified edit modal (A2: banner -> one modal)
  ---
  duration_ms: 0.489192
  type: 'test'
  ...
# Subtest: Unified rank-up modal: evolution section lives inside editCardModal
ok 173 - Unified rank-up modal: evolution section lives inside editCardModal
  ---
  duration_ms: 0.293775
  type: 'test'
  ...
# Subtest: Evolution handlers wired in app.js event delegation + save applies path
ok 174 - Evolution handlers wired in app.js event delegation + save applies path
  ---
  duration_ms: 0.850699
  type: 'test'
  ...
# Subtest: Forge card locks starting rank to C (anti-exploit)
ok 175 - Forge card locks starting rank to C (anti-exploit)
  ---
  duration_ms: 0.365754
  type: 'test'
  ...
# Subtest: Forge card mints evolutionPath correctly
ok 176 - Forge card mints evolutionPath correctly
  ---
  duration_ms: 0.492808
  type: 'test'
  ...
# Subtest: All data-action handlers wired in app.js click delegation
ok 177 - All data-action handlers wired in app.js click delegation
  ---
  duration_ms: 0.623786
  type: 'test'
  ...
# Subtest: Storage.js references STATE_GUARDS but only inside function bodies
ok 178 - Storage.js references STATE_GUARDS but only inside function bodies
  ---
  duration_ms: 5.781508
  type: 'test'
  ...
# Subtest: State guards UMD wrapper is present
ok 179 - State guards UMD wrapper is present
  ---
  duration_ms: 0.154374
  type: 'test'
  ...
# Subtest: Database schema survives JSON round-trip
ok 180 - Database schema survives JSON round-trip
  ---
  duration_ms: 1.514748
  type: 'test'
  ...
# Subtest: All Animation API references in app.js use window globals
ok 181 - All Animation API references in app.js use window globals
  ---
  duration_ms: 3.028844
  type: 'test'
  ...
# Subtest: No estus (removed in v25) references remain
ok 182 - No estus (removed in v25) references remain
  ---
  duration_ms: 0.540379
  type: 'test'
  ...
# Subtest: Cache bust versions are consistent
ok 183 - Cache bust versions are consistent
  ---
  duration_ms: 0.290861
  type: 'test'
  ...
# Subtest: State-guards sanitizeCard skips unknown fields safely
ok 184 - State-guards sanitizeCard skips unknown fields safely
  ---
  duration_ms: 0.200734
  type: 'test'
  ...
# Subtest: Stat values are clamped during import to safe range
ok 185 - Stat values are clamped during import to safe range
  ---
  duration_ms: 0.15176
  type: 'test'
  ...
# Subtest: Forge form does not expose SSS rank option in HTML
ok 186 - Forge form does not expose SSS rank option in HTML
  ---
  duration_ms: 0.136648
  type: 'test'
  ...
# Subtest: Storage snapshot includes all critical game fields
ok 187 - Storage snapshot includes all critical game fields
  ---
  duration_ms: 0.166082
  type: 'test'
  ...
# Subtest: Storage: chunks.push loop has emergency cap at 200 iterations
ok 188 - Storage: chunks.push loop has emergency cap at 200 iterations
  ---
  duration_ms: 0.191441
  type: 'test'
  ...
# Subtest: Storage: saveToIDB sets window._lastIDBSaveAt hook
ok 189 - Storage: saveToIDB sets window._lastIDBSaveAt hook
  ---
  duration_ms: 0.08496
  type: 'test'
  ...
# Subtest: Storage: saveMeta guards against finished=true (defensive)
ok 190 - Storage: saveMeta guards against finished=true (defensive)
  ---
  duration_ms: 0.089986
  type: 'test'
  ...
# Subtest: Regression: lastWeekReset is declared (was silently killing all saves after combat removal)
ok 191 - Regression: lastWeekReset is declared (was silently killing all saves after combat removal)
  ---
  duration_ms: 0.259844
  type: 'test'
  ...
# Subtest: Regression: checkDailyReset guards fresh install (no save before onboarding)
ok 192 - Regression: checkDailyReset guards fresh install (no save before onboarding)
  ---
  duration_ms: 0.166563
  type: 'test'
  ...
# Subtest: Regression: tract economy fully removed
ok 193 - Regression: tract economy fully removed
  ---
  duration_ms: 0.997953
  type: 'test'
  ...
# Subtest: нет легаси-строк вырезанных систем в продукте
ok 194 - нет легаси-строк вырезанных систем в продукте
  ---
  duration_ms: 16.01568
  type: 'test'
  ...
# Subtest: XP ledger: состав множителей заморожен, округление одно — после prestige
ok 195 - XP ledger: состав множителей заморожен, округление одно — после prestige
  ---
  duration_ms: 1.692027
  type: 'test'
  ...
# Subtest: XP ledger: математика эквивалентна исторической формуле
ok 196 - XP ledger: математика эквивалентна исторической формуле
  ---
  duration_ms: 0.529072
  type: 'test'
  ...
# Subtest: XP ledger: identity — все m=1 без round возвращает base; round округляет
ok 197 - XP ledger: identity — все m=1 без round возвращает base; round округляет
  ---
  duration_ms: 0.248217
  type: 'test'
  ...
# Subtest: perf: defaults — mode is auto when storage empty
ok 198 - perf: defaults — mode is auto when storage empty
  ---
  duration_ms: 3.465286
  type: 'test'
  ...
# Subtest: perf: setMode rejects invalid values
ok 199 - perf: setMode rejects invalid values
  ---
  duration_ms: 0.496353
  type: 'test'
  ...
# Subtest: perf: setMode accepts all three valid modes
ok 200 - perf: setMode accepts all three valid modes
  ---
  duration_ms: 0.271481
  type: 'test'
  ...
# Subtest: perf: localStorage persists non-default mode
ok 201 - perf: localStorage persists non-default mode
  ---
  duration_ms: 0.190819
  type: 'test'
  ...
# Subtest: perf: setMode(auto) clears storage key (NO clutter)
ok 202 - perf: setMode(auto) clears storage key (NO clutter)
  ---
  duration_ms: 0.196909
  type: 'test'
  ...
# Subtest: perf: persisted mode loaded on init
ok 203 - perf: persisted mode loaded on init
  ---
  duration_ms: 0.196579
  type: 'test'
  ...
# Subtest: perf: corrupted mode value falls back to auto
ok 204 - perf: corrupted mode value falls back to auto
  ---
  duration_ms: 0.258853
  type: 'test'
  ...
# Subtest: perf: auto + systemNormal → not reduced
ok 205 - perf: auto + systemNormal → not reduced
  ---
  duration_ms: 0.263159
  type: 'test'
  ...
# Subtest: perf: auto + systemReduced → reduced=true
ok 206 - perf: auto + systemReduced → reduced=true
  ---
  duration_ms: 0.439916
  type: 'test'
  ...
# Subtest: perf: low → reduced=true regardless of system
ok 207 - perf: low → reduced=true regardless of system
  ---
  duration_ms: 0.485407
  type: 'test'
  ...
# Subtest: perf: effects-off → reduced=true, isEffectsOff=true
ok 208 - perf: effects-off → reduced=true, isEffectsOff=true
  ---
  duration_ms: 1.320834
  type: 'test'
  ...
# Subtest: perf: isLowEffect=true on low-memory device (auto mode)
ok 209 - perf: isLowEffect=true on low-memory device (auto mode)
  ---
  duration_ms: 0.189988
  type: 'test'
  ...
# Subtest: perf: isLowEffect=true on few-core device (auto mode)
ok 210 - perf: isLowEffect=true on few-core device (auto mode)
  ---
  duration_ms: 0.128014
  type: 'test'
  ...
# Subtest: perf: isLowEffect=false on modern device (auto mode)
ok 211 - perf: isLowEffect=false on modern device (auto mode)
  ---
  duration_ms: 0.143858
  type: 'test'
  ...
# Subtest: perf: change event from OS flips prefersReducedMotion
ok 212 - perf: change event from OS flips prefersReducedMotion
  ---
  duration_ms: 0.221266
  type: 'test'
  ...
# Subtest: perf: onChange fires when mode changes
ok 213 - perf: onChange fires when mode changes
  ---
  duration_ms: 0.184991
  type: 'test'
  ...
# Subtest: perf: onChange ignores non-functions
ok 214 - perf: onChange ignores non-functions
  ---
  duration_ms: 0.225872
  type: 'test'
  ...
# Subtest: perf: onChange hand­ler throwing does not break others
ok 215 - perf: onChange hand­ler throwing does not break others
  ---
  duration_ms: 0.180985
  type: 'test'
  ...
# Subtest: perf: works when localStorage throws
ok 216 - perf: works when localStorage throws
  ---
  duration_ms: 0.239924
  type: 'test'
  ...
# Subtest: perf: works when matchMedia is missing
ok 217 - perf: works when matchMedia is missing
  ---
  duration_ms: 0.179843
  type: 'test'
  ...
# Subtest: perf.js exposes UMD module via module.exports
ok 218 - perf.js exposes UMD module via module.exports
  ---
  duration_ms: 1.182033
  type: 'test'
  ...
# Subtest: isEco covers low/effects-off union (compat semantics)
ok 219 - isEco covers low/effects-off union (compat semantics)
  ---
  duration_ms: 0.384162
  type: 'test'
  ...
# Subtest: default mode is auto, default eco is false
ok 220 - default mode is auto, default eco is false
  ---
  duration_ms: 0.196338
  type: 'test'
  ...
# Subtest: setMode(eco) flips effective eco on
ok 221 - setMode(eco) flips effective eco on
  ---
  duration_ms: 0.183739
  type: 'test'
  ...
# Subtest: setMode(performance) flips effective eco off
ok 222 - setMode(performance) flips effective eco off
  ---
  duration_ms: 0.236339
  type: 'test'
  ...
# Subtest: setMode(auto) follows systemReducedMotion
ok 223 - setMode(auto) follows systemReducedMotion
  ---
  duration_ms: 0.151491
  type: 'test'
  ...
# Subtest: invalid mode is rejected, current mode preserved
ok 224 - invalid mode is rejected, current mode preserved
  ---
  duration_ms: 0.232523
  type: 'test'
  ...
# Subtest: VALID_MODES is exposed and reasonable
ok 225 - VALID_MODES is exposed and reasonable
  ---
  duration_ms: 0.711278
  type: 'test'
  ...
# Subtest: CHANGE event fires listener only on actual eco transition
ok 226 - CHANGE event fires listener only on actual eco transition
  ---
  duration_ms: 1.484352
  type: 'test'
  ...
# Subtest: localStorage round-trip: set eco, require fresh, getMode reflects storage
ok 227 - localStorage round-trip: set eco, require fresh, getMode reflects storage
  ---
  duration_ms: 0.41544
  type: 'test'
  ...
# Subtest: index.html loads perf-compat right after perf.js, both before state-guards/storage
ok 228 - index.html loads perf-compat right after perf.js, both before state-guards/storage
  ---
  duration_ms: 0.29744
  type: 'test'
  ...
# Subtest: index.html cache-bust is uniform across all JS files (single version, no literal)
ok 229 - index.html cache-bust is uniform across all JS files (single version, no literal)
  ---
  duration_ms: 0.608163
  type: 'test'
  ...
# Subtest: CSS contains :root.perf-eco selector
ok 230 - CSS contains :root.perf-eco selector
  ---
  duration_ms: 0.17095
  type: 'test'
  ...
# Subtest: CSS reduces animation-duration in eco mode
ok 231 - CSS reduces animation-duration in eco mode
  ---
  duration_ms: 0.198291
  type: 'test'
  ...
# Subtest: CSS reduces transition-duration in eco mode
ok 232 - CSS reduces transition-duration in eco mode
  ---
  duration_ms: 0.183889
  type: 'test'
  ...
# Subtest: CSS disables backdrop-filter in eco mode
ok 233 - CSS disables backdrop-filter in eco mode
  ---
  duration_ms: 0.180924
  type: 'test'
  ...
# Subtest: CSS hides dust canvas in eco mode
ok 234 - CSS hides dust canvas in eco mode
  ---
  duration_ms: 0.222948
  type: 'test'
  ...
# Subtest: CSS hides mist layer in eco mode
ok 235 - CSS hides mist layer in eco mode
  ---
  duration_ms: 0.199863
  type: 'test'
  ...
# Subtest: app.js exposes __ndSetEcoMode global
ok 236 - app.js exposes __ndSetEcoMode global
  ---
  duration_ms: 0.143577
  type: 'test'
  ...
# Subtest: app.js __ndSetEcoMode toggles dustRunning
ok 237 - app.js __ndSetEcoMode toggles dustRunning
  ---
  duration_ms: 0.213653
  type: 'test'
  ...
# Subtest: app.js __ndSetEcoMode toggles particlesRunning
ok 238 - app.js __ndSetEcoMode toggles particlesRunning
  ---
  duration_ms: 0.119141
  type: 'test'
  ...
# Subtest: app.js set-perf dispatcher applies mode change
ok 239 - app.js set-perf dispatcher applies mode change
  ---
  duration_ms: 0.121694
  type: 'test'
  ...
# Subtest: app.js set-perf notifies user with five-mode map
ok 240 - app.js set-perf notifies user with five-mode map
  ---
  duration_ms: 0.143057
  type: 'test'
  ...
# Subtest: app.js initPerfMode is invoked at startup
ok 241 - app.js initPerfMode is invoked at startup
  ---
  duration_ms: 0.258202
  type: 'test'
  ...
# Subtest: app.js __ndSetEcoMode is wrapped in try/catch for safety
ok 242 - app.js __ndSetEcoMode is wrapped in try/catch for safety
  ---
  duration_ms: 0.159102
  type: 'test'
  ...
# Subtest: perf.js init() does not throw when matchMedia unavailable
ok 243 - perf.js init() does not throw when matchMedia unavailable
  ---
  duration_ms: 0.519468
  type: 'test'
  ...
# Subtest: perf.js itself does not dead-end or leave orphan state
ok 244 - perf.js itself does not dead-end or leave orphan state
  ---
  duration_ms: 0.138209
  type: 'test'
  ...
# Subtest: perf.js file size is reasonable (<300 lines)
ok 245 - perf.js file size is reasonable (<300 lines)
  ---
  duration_ms: 0.11201
  type: 'test'
  ...
# Subtest: P22 perf budget: app.js и style.css в пределах бюджета
ok 246 - P22 perf budget: app.js и style.css в пределах бюджета
  ---
  duration_ms: 0.212712
  type: 'test'
  ...
# Subtest: P22 perf budget: суммарный JS+CSS из SW-прекэша в пределах бюджета
ok 247 - P22 perf budget: суммарный JS+CSS из SW-прекэша в пределах бюджета
  ---
  duration_ms: 0.862998
  type: 'test'
  ...
# Subtest: P22 perf budget: версии в SW-прекэше едины и совпадают с index.html
ok 248 - P22 perf budget: версии в SW-прекэше едины и совпадают с index.html
  ---
  duration_ms: 0.26346
  type: 'test'
  ...
# Subtest: каталог PROVINCES: 4 записи, у каждой rule.text и mods {incomeMult, upkeepMult, siegeMult} в (0; 3]
ok 249 - каталог PROVINCES: 4 записи, у каждой rule.text и mods {incomeMult, upkeepMult, siegeMult} в (0; 3]
  ---
  duration_ms: 2.370435
  type: 'test'
  ...
# Subtest: инвариант неактивных правил: active=false ⇒ mods нейтральны (объявленное ≠ применяемое)
ok 250 - инвариант неактивных правил: active=false ⇒ mods нейтральны (объявленное ≠ применяемое)
  ---
  duration_ms: 0.818401
  type: 'test'
  ...
# Subtest: правила §2 CAMPAIGN-2.0: Хутора upkeep ×0.9; Пепел income ×1.1 и upkeep ×1.1; Крепости/Гниль нейтральны
ok 251 - правила §2 CAMPAIGN-2.0: Хутора upkeep ×0.9; Пепел income ×1.1 и upkeep ×1.1; Крепости/Гниль нейтральны
  ---
  duration_ms: 0.258693
  type: 'test'
  ...
# Subtest: provinceIncomeMult: каталог (Пепел 1.1, остальные 1.0); провинция строкой; неизвестная — нейтрально
ok 252 - provinceIncomeMult: каталог (Пепел 1.1, остальные 1.0); провинция строкой; неизвестная — нейтрально
  ---
  duration_ms: 0.367658
  type: 'test'
  ...
# Subtest: provinceUpkeepMult: каталог (Хутора 0.9, Пепел 1.1); неизвестная провинция — нейтрально
ok 253 - provinceUpkeepMult: каталог (Хутора 0.9, Пепел 1.1); неизвестная провинция — нейтрально
  ---
  duration_ms: 0.282338
  type: 'test'
  ...
# Subtest: provinceSiegeMult: в каталоге нейтрален у всех 4, но читает каталог (синтетический siegeMult 1.25 виден)
ok 254 - provinceSiegeMult: в каталоге нейтрален у всех 4, но читает каталог (синтетический siegeMult 1.25 виден)
  ---
  duration_ms: 0.241486
  type: 'test'
  ...
# Subtest: robustness: каталог без PROVINCES / кривые значения mods → 1 (экономика не ломается)
ok 255 - robustness: каталог без PROVINCES / кривые значения mods → 1 (экономика не ломается)
  ---
  duration_ms: 0.254185
  type: 'test'
  ...
# Subtest: corruptionTick: opts.provinceUpkeepMult применяется к содержанию (может быть >1), без опции — совместимость
ok 256 - corruptionTick: opts.provinceUpkeepMult применяется к содержанию (может быть >1), без опции — совместимость
  ---
  duration_ms: 0.470844
  type: 'test'
  ...
# Subtest: corruptionTick: provinceUpkeepMult перемножается с доктриной upkeepMult одним округлением
ok 257 - corruptionTick: provinceUpkeepMult перемножается с доктриной upkeepMult одним округлением
  ---
  duration_ms: 0.426576
  type: 'test'
  ...
# Subtest: app.js: модификаторы применены ровно в 2 местах каждый (тик + превью) — parity тик/превью не расходится
ok 258 - app.js: модификаторы применены ровно в 2 местах каждый (тик + превью) — parity тик/превью не расходится
  ---
  duration_ms: 4.008841
  type: 'test'
  ...
# Subtest: P5: provinceSiegeMult — превью осадной тревоги и тик runWeeklySiege дают одну силу удара
ok 259 - P5: provinceSiegeMult — превью осадной тревоги и тик runWeeklySiege дают одну силу удара
  ---
  duration_ms: 6.999536
  type: 'test'
  ...
# Subtest: getCloudStorage: заглушка вне Telegram (platform unknown) — не облако
ok 260 - getCloudStorage: заглушка вне Telegram (platform unknown) — не облако
  ---
  duration_ms: 2.097301
  type: 'test'
  ...
# Subtest: pushCloudChunks: nd_meta.t = savedAt снапшота, а не момент завершения пуша
ok 261 - pushCloudChunks: nd_meta.t = savedAt снапшота, а не момент завершения пуша
  ---
  duration_ms: 12.500368
  type: 'test'
  ...
# Subtest: autoCloudSave: форс-пуш во время летящего — в очередь, без второго параллельного пуша
ok 262 - autoCloudSave: форс-пуш во время летящего — в очередь, без второго параллельного пуша
  ---
  duration_ms: 0.671439
  type: 'test'
  ...
# Subtest: tryCloudRecovery: работает после ITP-чистки (без ever_saved), помнит отказ, держит старт-колоду
ok 263 - tryCloudRecovery: работает после ITP-чистки (без ever_saved), помнит отказ, держит старт-колоду
  ---
  duration_ms: 36.147905
  type: 'test'
  ...
# Subtest: deepRecovery и smartCloudSync: гварды согласованы с новым recovery-потоком
ok 264 - deepRecovery и smartCloudSync: гварды согласованы с новым recovery-потоком
  ---
  duration_ms: 0.515462
  type: 'test'
  ...
# Subtest: validDisplayText: «только эмодзи» и пустота отклоняются, длина обрезается
ok 265 - validDisplayText: «только эмодзи» и пустота отклоняются, длина обрезается
  ---
  duration_ms: 1.314984
  type: 'test'
  ...
# Subtest: boot: старт-колода придерживается до ответа облака, else-ветка без глубокого автоскана
ok 266 - boot: старт-колода придерживается до ответа облака, else-ветка без глубокого автоскана
  ---
  duration_ms: 0.347447
  type: 'test'
  ...
# Subtest: T1-H5: own-ключ __proto__ в data.stats не загрязняет Object.prototype
ok 267 - T1-H5: own-ключ __proto__ в data.stats не загрязняет Object.prototype
  ---
  duration_ms: 2.456566
  type: 'test'
  ...
# Save failed: QuotaErr [QuotaExceededError]: QuotaExceededError
#     at Object.setItem (/root/neurodeck/tests/regression-T5M1-quota-chain.test.js:29:57)
#     at saveGameState (storage.js:335:14)
#     at evalmachine.<anonymous>:1:1
#     at Script.runInContext (node:vm:149:12)
#     at Object.runInContext (node:vm:301:6)
#     at TestContext.<anonymous> (/root/neurodeck/tests/regression-T5M1-quota-chain.test.js:87:8)
#     at async Test.run (node:internal/test_runner/test:1054:7)
#     at async startSubtestAfterBootstrap (node:internal/test_runner/harness:296:3)
# Subtest: T5-M1: quota на full_save — backup/IDB/cloud записаны, тост показан
ok 268 - T5-M1: quota на full_save — backup/IDB/cloud записаны, тост показан
  ---
  duration_ms: 64.02096
  type: 'test'
  ...
# Subtest: QA3-H1: v10-сейв без поля v — strongholds/season/throne не пересобираются
ok 269 - QA3-H1: v10-сейв без поля v — strongholds/season/throne не пересобираются
  ---
  duration_ms: 1.652857
  type: 'test'
  ...
# Subtest: QA3-H1: v-строка / v:0 / v:NaN — без реплея (army не пересоздаётся миграцией)
ok 270 - QA3-H1: v-строка / v:0 / v:NaN — без реплея (army не пересоздаётся миграцией)
  ---
  duration_ms: 0.570395
  type: 'test'
  ...
# Subtest: QA3-H1: легаси v6 по-прежнему мигрирует ВВЕРХ (фикс не сломал апгрейд)
ok 271 - QA3-H1: легаси v6 по-прежнему мигрирует ВВЕРХ (фикс не сломал апгрейд)
  ---
  duration_ms: 1.392682
  type: 'test'
  ...
# Subtest: QA3-M1: sanitizeHero переносит и клампит streakShields
ok 272 - QA3-M1: sanitizeHero переносит и клампит streakShields
  ---
  duration_ms: 0.715134
  type: 'test'
  ...
# Subtest: QA3-M1: streakShields переживает applySyncData (попадает в HERO)
ok 273 - QA3-M1: streakShields переживает applySyncData (попадает в HERO)
  ---
  duration_ms: 3.826564
  type: 'test'
  ...
# Subtest: QA3-M2: битые lastDayReset/lastWeekReset → null; валидные применяются
ok 274 - QA3-M2: битые lastDayReset/lastWeekReset → null; валидные применяются
  ---
  duration_ms: 0.980627
  type: 'test'
  ...
# [release-verify] 01/10 check:js: attempt 1/1 — npm run check:js
# [release-verify] check:js: PASS exits=[0] 1ms
# [release-verify] 02/10 unit: attempt 1/1 — npm run test
# [release-verify] unit: PASS exits=[0] 0ms
# [release-verify] 03/10 e2e: attempt 1/2 — npm run test:e2e
# [release-verify] e2e: PASS exits=[0] 0ms
# [release-verify] 04/10 e2e:visual: attempt 1/2 — npm run test:e2e:visual
# [release-verify] e2e:visual: PASS exits=[0] 0ms
# [release-verify] 05/10 playtest:strongholds: attempt 1/1 — npm run test:playtest:strongholds
# [release-verify] playtest:strongholds: PASS exits=[0] 1ms
# [release-verify] 06/10 playtest:acceptance: attempt 1/1 — npm run test:playtest:acceptance
# [release-verify] playtest:acceptance: PASS exits=[0] 0ms
# [release-verify] 07/10 qa:data: attempt 1/1 — npm run test:qa:data
# [release-verify] qa:data: PASS exits=[0] 0ms
# [release-verify] 08/10 qa:chaos: attempt 1/1 — npm run test:qa:chaos
# [release-verify] qa:chaos: PASS exits=[0] 1ms
# [release-verify] 09/10 qa:parity: attempt 1/1 — npm run test:qa:parity
# [release-verify] qa:parity: PASS exits=[0] 0ms
# [release-verify] 10/10 sim:economy: attempt 1/1 — npm run test:sim:economy
# [release-verify] sim:economy: PASS exits=[0] 0ms
# [release-verify] 01/10 check:js: attempt 1/1 — npm run check:js
# [release-verify] check:js: PASS exits=[0] 1ms
# [release-verify] 02/10 unit: attempt 1/1 — npm run test
# [release-verify] unit: PASS exits=[0] 0ms
# [release-verify] 03/10 e2e: attempt 1/2 — npm run test:e2e
# [release-verify] e2e: exit 1 → повтор (политика: 1)
# [release-verify] 03/10 e2e: attempt 2/2 — npm run test:e2e
# [release-verify] e2e: PASS (flaky: 2 attempts) exits=[1,0] 0ms
# [release-verify] 04/10 e2e:visual: attempt 1/2 — npm run test:e2e:visual
# [release-verify] e2e:visual: PASS exits=[0] 0ms
# [release-verify] 05/10 playtest:strongholds: attempt 1/1 — npm run test:playtest:strongholds
# [release-verify] playtest:strongholds: PASS exits=[0] 0ms
# [release-verify] 06/10 playtest:acceptance: attempt 1/1 — npm run test:playtest:acceptance
# [release-verify] playtest:acceptance: PASS exits=[0] 1ms
# [release-verify] 07/10 qa:data: attempt 1/1 — npm run test:qa:data
# [release-verify] qa:data: PASS exits=[0] 1ms
# [release-verify] 08/10 qa:chaos: attempt 1/1 — npm run test:qa:chaos
# [release-verify] qa:chaos: PASS exits=[0] 0ms
# [release-verify] 09/10 qa:parity: attempt 1/1 — npm run test:qa:parity
# [release-verify] qa:parity: PASS exits=[0] 0ms
# [release-verify] 10/10 sim:economy: attempt 1/1 — npm run test:sim:economy
# [release-verify] sim:economy: PASS exits=[0] 0ms
# [release-verify] 01/10 check:js: attempt 1/1 — npm run check:js
# [release-verify] check:js: PASS exits=[0] 0ms
# [release-verify] 02/10 unit: attempt 1/1 — npm run test
# [release-verify] unit: PASS exits=[0] 0ms
# [release-verify] 03/10 e2e: attempt 1/2 — npm run test:e2e
# [release-verify] e2e: PASS exits=[0] 0ms
# [release-verify] 04/10 e2e:visual: attempt 1/2 — npm run test:e2e:visual
# [release-verify] e2e:visual: exit 1 → повтор (политика: 1)
# [release-verify] 04/10 e2e:visual: attempt 2/2 — npm run test:e2e:visual
# [release-verify] e2e:visual: FAIL exits=[1,1] 0ms
# [release-verify] 05/10 playtest:strongholds: attempt 1/1 — npm run test:playtest:strongholds
# [release-verify] playtest:strongholds: PASS exits=[0] 0ms
# [release-verify] 06/10 playtest:acceptance: attempt 1/1 — npm run test:playtest:acceptance
# [release-verify] playtest:acceptance: PASS exits=[0] 0ms
# [release-verify] 07/10 qa:data: attempt 1/1 — npm run test:qa:data
# [release-verify] qa:data: PASS exits=[0] 0ms
# [release-verify] 08/10 qa:chaos: attempt 1/1 — npm run test:qa:chaos
# [release-verify] qa:chaos: PASS exits=[0] 1ms
# [release-verify] 09/10 qa:parity: attempt 1/1 — npm run test:qa:parity
# [release-verify] qa:parity: PASS exits=[0] 0ms
# [release-verify] 10/10 sim:economy: attempt 1/1 — npm run test:sim:economy
# [release-verify] sim:economy: PASS exits=[0] 0ms
# [release-verify] 01/10 check:js: attempt 1/1 — npm run check:js
# [release-verify] check:js: PASS exits=[0] 0ms
# [release-verify] 02/10 unit: attempt 1/1 — npm run test
# [release-verify] unit: PASS exits=[0] 1ms
# [release-verify] 03/10 e2e: attempt 1/2 — npm run test:e2e
# [release-verify] e2e: PASS exits=[0] 0ms
# [release-verify] 04/10 e2e:visual: attempt 1/2 — npm run test:e2e:visual
# [release-verify] e2e:visual: PASS exits=[0] 0ms
# [release-verify] 05/10 playtest:strongholds: attempt 1/1 — npm run test:playtest:strongholds
# [release-verify] playtest:strongholds: PASS exits=[0] 0ms
# [release-verify] 06/10 playtest:acceptance: attempt 1/1 — npm run test:playtest:acceptance
# [release-verify] playtest:acceptance: PASS exits=[0] 0ms
# [release-verify] 07/10 qa:data: attempt 1/1 — npm run test:qa:data
# [release-verify] qa:data: FAIL exits=[1] 0ms
# [release-verify] 08/10 qa:chaos: attempt 1/1 — npm run test:qa:chaos
# [release-verify] qa:chaos: PASS exits=[0] 0ms
# [release-verify] 09/10 qa:parity: attempt 1/1 — npm run test:qa:parity
# [release-verify] qa:parity: PASS exits=[0] 0ms
# [release-verify] 10/10 sim:economy: attempt 1/1 — npm run test:sim:economy
# [release-verify] sim:economy: PASS exits=[0] 0ms
# [release-verify] 01/10 check:js: attempt 1/1 — npm run check:js
# [release-verify] check:js: PASS exits=[0] 0ms
# [release-verify] 02/10 unit: attempt 1/1 — npm run test
# [release-verify] unit: PASS exits=[0] 0ms
# [release-verify] 03/10 e2e: attempt 1/2 — npm run test:e2e
# [release-verify] e2e: PASS exits=[0] 0ms
# [release-verify] 04/10 e2e:visual: attempt 1/2 — npm run test:e2e:visual
# [release-verify] e2e:visual: PASS exits=[0] 0ms
# [release-verify] 05/10 playtest:strongholds: attempt 1/1 — npm run test:playtest:strongholds
# [release-verify] playtest:strongholds: PASS exits=[0] 0ms
# [release-verify] 06/10 playtest:acceptance: attempt 1/1 — npm run test:playtest:acceptance
# [release-verify] playtest:acceptance: PASS exits=[0] 0ms
# [release-verify] 07/10 qa:data: attempt 1/1 — npm run test:qa:data
# [release-verify] qa:data: FAIL exits=[1] 0ms
# [release-verify] 08/10 qa:chaos: attempt 1/1 — npm run test:qa:chaos
# [release-verify] qa:chaos: PASS exits=[0] 0ms
# [release-verify] 09/10 qa:parity: attempt 1/1 — npm run test:qa:parity
# [release-verify] qa:parity: PASS exits=[0] 0ms
# [release-verify] 10/10 sim:economy: attempt 1/1 — npm run test:sim:economy
# [release-verify] sim:economy: FAIL exits=[2] 0ms
# [release-verify] PREFLIGHT FAIL: pins out of sync
# Subtest: R3: шаги гейта = полная цепочка ci + economy sim; все шаги блокирующие
ok 275 - R3: шаги гейта = полная цепочка ci + economy sim; все шаги блокирующие
  ---
  duration_ms: 1.676153
  type: 'test'
  ...
# Subtest: R3: явные ретраи — только браузерные шаги (1 повтор), детерминированные без ретраев
ok 276 - R3: явные ретраи — только браузерные шаги (1 повтор), детерминированные без ретраев
  ---
  duration_ms: 0.329801
  type: 'test'
  ...
# Subtest: R3: чистый проход — по одной попытке, артефакт и все логи на месте
ok 277 - R3: чистый проход — по одной попытке, артефакт и все логи на месте
  ---
  duration_ms: 8.391679
  type: 'test'
  ...
# Subtest: R3: флак e2e (exit 1 → retry exit 0) — гейт пройден, флак зафиксирован, а не спрятан
ok 278 - R3: флак e2e (exit 1 → retry exit 0) — гейт пройден, флак зафиксирован, а не спрятан
  ---
  duration_ms: 5.342592
  type: 'test'
  ...
# Subtest: R3: visual упал дважды — гейт ЗАВАЛЕН (visual блокирует), оба exit-кода в артефакте
ok 279 - R3: visual упал дважды — гейт ЗАВАЛЕН (visual блокирует), оба exit-кода в артефакте
  ---
  duration_ms: 2.789572
  type: 'test'
  ...
# Subtest: R3: детерминированный шаг не ретраится — один прогон, провал = провал гейта
ok 280 - R3: детерминированный шаг не ретраится — один прогон, провал = провал гейта
  ---
  duration_ms: 1.96438
  type: 'test'
  ...
# Subtest: R3: провал не прерывает цепочку — артефакт полный, у каждого шага exit-код
ok 281 - R3: провал не прерывает цепочку — артефакт полный, у каждого шага exit-код
  ---
  duration_ms: 2.163281
  type: 'test'
  ...
# Subtest: R3: preflight — рассинхрон рантайм-пинов заваливает гейт до запуска шагов
ok 282 - R3: preflight — рассинхрон рантайм-пинов заваливает гейт до запуска шагов
  ---
  duration_ms: 0.529673
  type: 'test'
  ...
# Subtest: R3: readVersions — версии из исходников согласованы (storage.js / index.html ?v= / sw.js)
ok 283 - R3: readVersions — версии из исходников согласованы (storage.js / index.html ?v= / sw.js)
  ---
  duration_ms: 1.655362
  type: 'test'
  ...
# Subtest: R3: gitInfo — 40-символьный hex HEAD живого репозитория
ok 284 - R3: gitInfo — 40-символьный hex HEAD живого репозитория
  ---
  duration_ms: 15.683697
  type: 'test'
  ...
# Subtest: закоммиченный config/weekly-modifiers.v1.json валиден сейчас и = побайтовая копия встроенного каталога
ok 285 - закоммиченный config/weekly-modifiers.v1.json валиден сейчас и = побайтовая копия встроенного каталога
  ---
  duration_ms: 2.394723
  type: 'test'
  ...
# Subtest: fnv1a64: вектор-пины алгоритма (синхрон с ndSnapshotChecksum storage.js — charCodeAt/imul)
ok 286 - fnv1a64: вектор-пины алгоритма (синхрон с ndSnapshotChecksum storage.js — charCodeAt/imul)
  ---
  duration_ms: 0.389129
  type: 'test'
  ...
# Subtest: валидный конфиг → applied, каталог установлен, модель берёт WEEKLY_MODS_REMOTE; reset возвращает встроенный
ok 287 - валидный конфиг → applied, каталог установлен, модель берёт WEEKLY_MODS_REMOTE; reset возвращает встроенный
  ---
  duration_ms: 1.00247
  type: 'test'
  ...
# Subtest: fallback-приоритет: пустой/кривой WEEKLY_MODS_REMOTE НЕ ломает выбор — модель идёт во встроенный
ok 288 - fallback-приоритет: пустой/кривой WEEKLY_MODS_REMOTE НЕ ломает выбор — модель идёт во встроенный
  ---
  duration_ms: 0.222276
  type: 'test'
  ...
# Subtest: битый JSON / не объект / чужая schema / кривая version → ok:false с точным reason
ok 289 - битый JSON / не объект / чужая schema / кривая version → ok:false с точным reason
  ---
  duration_ms: 0.495532
  type: 'test'
  ...
# Subtest: кривые modifiers: не массив / пусто / кап 16 / кривой mods / не-строки / дубль id → reason modifiers|modifier
ok 290 - кривые modifiers: не массив / пусто / кап 16 / кривой mods / не-строки / дубль id → reason modifiers|modifier
  ---
  duration_ms: 0.489312
  type: 'test'
  ...
# Subtest: просроченный: синтетическое «сейчас» после expires → reason expired; кривая дата → reason expires
ok 291 - просроченный: синтетическое «сейчас» после expires → reason expired; кривая дата → reason expires
  ---
  duration_ms: 1.047479
  type: 'test'
  ...
# Subtest: tampered: правка множителя/имени без пересчёта checksum → reason checksum, каталог НЕ устанавливается
ok 292 - tampered: правка множителя/имени без пересчёта checksum → reason checksum, каталог НЕ устанавливается
  ---
  duration_ms: 0.582924
  type: 'test'
  ...
# Subtest: canonical: перестановка ключей в JSON не меняет checksum (канонический порядок фиксирован)
ok 293 - canonical: перестановка ключей в JSON не меняет checksum (канонический порядок фиксирован)
  ---
  duration_ms: 0.539738
  type: 'test'
  ...
# Subtest: лоадер-фоллбэки: сеть/HTTP/нет fetch → applied:false, встроенный каталог остаётся
ok 294 - лоадер-фоллбэки: сеть/HTTP/нет fetch → applied:false, встроенный каталог остаётся
  ---
  duration_ms: 1.080427
  type: 'test'
  ...
# Subtest: проводка: remote-config.js в index.html ДО app.js, в прекэше SW вместе с config-артефактом; вызов в app.js
ok 295 - проводка: remote-config.js в index.html ДО app.js, в прекэше SW вместе с config-артефактом; вызов в app.js
  ---
  duration_ms: 4.004874
  type: 'test'
  ...
# Subtest: live global fetch keeps receiver and bypasses HTTP cache
ok 296 - live global fetch keeps receiver and bypasses HTTP cache
  ---
  duration_ms: 0.560059
  type: 'test'
  ...
# Subtest: deadline covers fetch and body; late completion never installs
ok 297 - deadline covers fetch and body; late completion never installs
  ---
  duration_ms: 40.597292
  type: 'test'
  ...
# Subtest: response byte cap checks header, UTF8 text and streamed body
ok 298 - response byte cap checks header, UTF8 text and streamed body
  ---
  duration_ms: 23.567874
  type: 'test'
  ...
# Subtest: sanitizeSeason: defaults for null input
ok 299 - sanitizeSeason: defaults for null input
  ---
  duration_ms: 1.426803
  type: 'test'
  ...
# Subtest: sanitizeSeason: bad fields fall back, good fields kept
ok 300 - sanitizeSeason: bad fields fall back, good fields kept
  ---
  duration_ms: 0.214985
  type: 'test'
  ...
# Subtest: sanitizeSeason: valid season passes through with clamped snapshot
ok 301 - sanitizeSeason: valid season passes through with clamped snapshot
  ---
  duration_ms: 0.278582
  type: 'test'
  ...
# Subtest: P10 risk: ratio ≥ 1.2 — рискованной пометки нет (граница 1.2 включительно)
ok 302 - P10 risk: ratio ≥ 1.2 — рискованной пометки нет (граница 1.2 включительно)
  ---
  duration_ms: 1.701201
  type: 'test'
  ...
# Subtest: P10 risk: ratio < 1.2 — «РИСКОВАННО» с честным числом и порогом
ok 303 - P10 risk: ratio < 1.2 — «РИСКОВАННО» с честным числом и порогом
  ---
  duration_ms: 0.548732
  type: 'test'
  ...
# Subtest: P10 risk: лестницы (+5% к ratio) могут снять пометку — порог по тому же соотношению, что в превью
ok 304 - P10 risk: лестницы (+5% к ratio) могут снять пометку — порог по тому же соотношению, что в превью
  ---
  duration_ms: 0.47482
  type: 'test'
  ...
# Subtest: P10 risk: мусорный прогноз — пустая строка, не падение
ok 305 - P10 risk: мусорный прогноз — пустая строка, не падение
  ---
  duration_ms: 0.622695
  type: 'test'
  ...
# Subtest: P10 отмена: подход ≠ «Штурм» — сброс к норме, тост, сейв и ререндер
ok 306 - P10 отмена: подход ≠ «Штурм» — сброс к норме, тост, сейв и ререндер
  ---
  duration_ms: 1.467467
  type: 'test'
  ...
# Subtest: P10 отмена: уже «Штурм» — no-op без тоста и ререндера
ok 307 - P10 отмена: уже «Штурм» — no-op без тоста и ререндера
  ---
  duration_ms: 0.338784
  type: 'test'
  ...
# Subtest: P10 отмена: уже «Штурм» — no-op без тоста и ререндера
ok 308 - P10 отмена: уже «Штурм» — no-op без тоста и ререндера
  ---
  duration_ms: 0.254577
  type: 'test'
  ...
# Subtest: P10 разведка: тень в пути — статус без отчёта
ok 309 - P10 разведка: тень в пути — статус без отчёта
  ---
  duration_ms: 0.384995
  type: 'test'
  ...
# Subtest: P10 разведка: свежий отчёт по фронту — «на фронте» + полный отчёт тени
ok 310 - P10 разведка: свежий отчёт по фронту — «на фронте» + полный отчёт тени
  ---
  duration_ms: 0.867385
  type: 'test'
  ...
# Subtest: P10 разведка: цель позади фронта и захваченная — честные статусы
ok 311 - P10 разведка: цель позади фронта и захваченная — честные статусы
  ---
  duration_ms: 0.699581
  type: 'test'
  ...
# Subtest: P10 разведка: устаревание и «разведки нет»
ok 312 - P10 разведка: устаревание и «разведки нет»
  ---
  duration_ms: 0.569533
  type: 'test'
  ...
# Subtest: P10 превью: штурм фронта — заголовок «до/после» с прогнозом + брейкдаун; оборона недели с числами
ok 313 - P10 превью: штурм фронта — заголовок «до/после» с прогнозом + брейкдаун; оборона недели с числами
  ---
  duration_ms: 0.478066
  type: 'test'
  ...
# Subtest: P10 превью: воскресенье — «сегодня ночью»; туман — без процента; риск — в строке штурма
ok 314 - P10 превью: воскресенье — «сегодня ночью»; туман — без процента; риск — в строке штурма
  ---
  duration_ms: 0.668634
  type: 'test'
  ...
# Subtest: P10 превью: нечего показывать — пусто (без захвата и без прогноза)
ok 315 - P10 превью: нечего показывать — пусто (без захвата и без прогноза)
  ---
  duration_ms: 0.143999
  type: 'test'
  ...
# Subtest: P10 панель: дефолт «Штурм» — разведка+подход+склад+превью, БЕЗ кнопки отмены
ok 316 - P10 панель: дефолт «Штурм» — разведка+подход+склад+превью, БЕЗ кнопки отмены
  ---
  duration_ms: 0.447168
  type: 'test'
  ...
# Subtest: P10 панель: подход ≠ «Штурм» — кнопка отмены подготовки до тика
ok 317 - P10 панель: подход ≠ «Штурм» — кнопка отмены подготовки до тика
  ---
  duration_ms: 0.35624
  type: 'test'
  ...
# Subtest: P10 встройка: requestAssault — «рискованно»-заголовок при риске, пины wave-g1 живы
ok 318 - P10 встройка: requestAssault — «рискованно»-заголовок при риске, пины wave-g1 живы
  ---
  duration_ms: 0.258261
  type: 'test'
  ...
# Subtest: P10 встройка: единый клик подтверждения — doAssault без промежуточных модалок (правило 13)
ok 319 - P10 встройка: единый клик подтверждения — doAssault без промежуточных модалок (правило 13)
  ---
  duration_ms: 0.223709
  type: 'test'
  ...
# Subtest: P10 встройка: dispatcher + renderStrongholds — отмена из панели, отчёт тени консолидирован
ok 320 - P10 встройка: dispatcher + renderStrongholds — отмена из панели, отчёт тени консолидирован
  ---
  duration_ms: 0.615454
  type: 'test'
  ...
# Subtest: P10 CSS: панель/отмена/риск + eco и reduced-motion гейты
ok 321 - P10 CSS: панель/отмена/риск + eco и reduced-motion гейты
  ---
  duration_ms: 0.400657
  type: 'test'
  ...
# Subtest: C4 подходы: каталог трёх id, мета неизвестного → «Штурм»
ok 322 - C4 подходы: каталог трёх id, мета неизвестного → «Штурм»
  ---
  duration_ms: 1.810196
  type: 'test'
  ...
# Subtest: C4 «Осада»: сила врага ×0.8, гнев +1; «Штурм»/«Хитрость»/мусор — норма
ok 323 - C4 «Осада»: сила врага ×0.8, гнев +1; «Штурм»/«Хитрость»/мусор — норма
  ---
  duration_ms: 0.410753
  type: 'test'
  ...
# Subtest: C4 «Хитрость»: гарнизон врага ×0.9 ТОЛЬКО в провинции 3
ok 324 - C4 «Хитрость»: гарнизон врага ×0.9 ТОЛЬКО в провинции 3
  ---
  duration_ms: 0.244941
  type: 'test'
  ...
# Subtest: C4 дефолт: без ram/ladder формула SPEC не меняется (пин)
ok 325 - C4 дефолт: без ram/ladder формула SPEC не меняется (пин)
  ---
  duration_ms: 0.371893
  type: 'test'
  ...
# Subtest: C4 лестницы: +5% к ratio — паритет (atk=def) становится победой, attrition по формуле
ok 326 - C4 лестницы: +5% к ratio — паритет (atk=def) становится победой, attrition по формуле
  ---
  duration_ms: 0.284742
  type: 'test'
  ...
# Subtest: C4 таран: attrition ×0.9 в обеих ветвях
ok 327 - C4 таран: attrition ×0.9 в обеих ветвях
  ---
  duration_ms: 0.424033
  type: 'test'
  ...
# Subtest: C4 таран+лестницы вместе: множители независимы (лестница → ratio, таран → attrition)
ok 328 - C4 таран+лестницы вместе: множители независимы (лестница → ratio, таран → attrition)
  ---
  duration_ms: 0.169037
  type: 'test'
  ...
# Subtest: C4 sanitizeSiege: rams/ladders — счётчики 0..999, дефолт 0
ok 329 - C4 sanitizeSiege: rams/ladders — счётчики 0..999, дефолт 0
  ---
  duration_ms: 0.446317
  type: 'test'
  ...
# Subtest: C4 миграция v11→v12: счётчики появляются с дефолтом 0, v = 14 (C5+P11 поверх)
ok 330 - C4 миграция v11→v12: счётчики появляются с дефолтом 0, v = 14 (C5+P11 поверх)
  ---
  duration_ms: 0.557184
  type: 'test'
  ...
# Subtest: C4 миграция v12: существующие счётчики сохраняются, мусор клэмпится
ok 331 - C4 миграция v12: существующие счётчики сохраняются, мусор клэмпится
  ---
  duration_ms: 0.48107
  type: 'test'
  ...
# Subtest: C4 миграция v12: idempotent — повторный прогон не меняет счётчики
ok 332 - C4 миграция v12: idempotent — повторный прогон не меняет счётчики
  ---
  duration_ms: 0.21772
  type: 'test'
  ...
# Subtest: C4→C5 цепочка v7: полный путь миграций доводит осадный склад до текущей схемы
ok 333 - C4→C5 цепочка v7: полный путь миграций доводит осадный склад до текущей схемы
  ---
  duration_ms: 1.051946
  type: 'test'
  ...
# Subtest: P11 персистентность: выбор игрока переживает sanitize (roundtrip сейва)
ok 334 - P11 персистентность: выбор игрока переживает sanitize (roundtrip сейва)
  ---
  duration_ms: 0.292824
  type: 'test'
  ...
# Subtest: P11 персистентность: v13-сейв с уже выбранным «Осадой» (поле приехало из будущего) не теряет выбор
ok 335 - P11 персистентность: v13-сейв с уже выбранным «Осадой» (поле приехало из будущего) не теряет выбор
  ---
  duration_ms: 0.230559
  type: 'test'
  ...
# Subtest: C4 данные: в провинции 3 есть штурмуемые цели — «Хитрость» не пустышка
ok 336 - C4 данные: в провинции 3 есть штурмуемые цели — «Хитрость» не пустышка
  ---
  duration_ms: 0.136246
  type: 'test'
  ...
# Subtest: sanitizeRank: valid ranks pass
ok 337 - sanitizeRank: valid ranks pass
  ---
  duration_ms: 1.24611
  type: 'test'
  ...
# Subtest: sanitizeRank: invalid → C
ok 338 - sanitizeRank: invalid → C
  ---
  duration_ms: 0.228516
  type: 'test'
  ...
# Subtest: sanitizeCard: drops unknown fields, applies defaults
ok 339 - sanitizeCard: drops unknown fields, applies defaults
  ---
  duration_ms: 0.349831
  type: 'test'
  ...
# Subtest: sanitizeCard: rank normalisation
ok 340 - sanitizeCard: rank normalisation
  ---
  duration_ms: 0.152551
  type: 'test'
  ...
# Subtest: sanitizeCard: stat whitelist
ok 341 - sanitizeCard: stat whitelist
  ---
  duration_ms: 0.213123
  type: 'test'
  ...
# Subtest: sanitizeCard: numbers clamped
ok 342 - sanitizeCard: numbers clamped
  ---
  duration_ms: 0.144198
  type: 'test'
  ...
# Subtest: sanitizeCard: null/undefined input → safe defaults
ok 343 - sanitizeCard: null/undefined input → safe defaults
  ---
  duration_ms: 0.171219
  type: 'test'
  ...
# Subtest: sanitizeInventory: empty defaults
ok 344 - sanitizeInventory: empty defaults
  ---
  duration_ms: 0.761835
  type: 'test'
  ...
# Subtest: sanitizeInventory: caps maxSlots 1..60
ok 345 - sanitizeInventory: caps maxSlots 1..60
  ---
  duration_ms: 0.377523
  type: 'test'
  ...
# Subtest: sanitizeInventory: input.not_object → empty defaults
ok 346 - sanitizeInventory: input.not_object → empty defaults
  ---
  duration_ms: 2.004711
  type: 'test'
  ...
# Subtest: sanitizeInventory: backward-compat for missing catalog
ok 347 - sanitizeInventory: backward-compat for missing catalog
  ---
  duration_ms: 0.326706
  type: 'test'
  ...
# Subtest: sanitizeCounter: clamps to range
ok 348 - sanitizeCounter: clamps to range
  ---
  duration_ms: 0.106893
  type: 'test'
  ...
# Subtest: sanitizeCounter: minimum respected
ok 349 - sanitizeCounter: minimum respected
  ---
  duration_ms: 0.07929
  type: 'test'
  ...
# Subtest: exported arrays are correct
ok 350 - exported arrays are correct
  ---
  duration_ms: 0.264301
  type: 'test'
  ...
# Subtest: sanitizeHero: full happy path
ok 351 - sanitizeHero: full happy path
  ---
  duration_ms: 0.524095
  type: 'test'
  ...
# Subtest: sanitizeHero: CRITICAL \#1 — unknown fields dropped, no Object.assign leak
ok 352 - sanitizeHero: CRITICAL \#1 — unknown fields dropped, no Object.assign leak
  ---
  duration_ms: 0.232312
  type: 'test'
  ...
# Subtest: sanitizeHero: numeric clamps applied
ok 353 - sanitizeHero: numeric clamps applied
  ---
  duration_ms: 0.151278
  type: 'test'
  ...
# Subtest: sanitizeHero: null/undefined input → safe defaults
ok 354 - sanitizeHero: null/undefined input → safe defaults
  ---
  duration_ms: 0.091518
  type: 'test'
  ...
# Subtest: sanitizeHero: passes through raw string (escaping is render-layer responsibility)
ok 355 - sanitizeHero: passes through raw string (escaping is render-layer responsibility)
  ---
  duration_ms: 0.117729
  type: 'test'
  ...
# Subtest: sanitizeGoals: not-array → empty
ok 356 - sanitizeGoals: not-array → empty
  ---
  duration_ms: 0.196658
  type: 'test'
  ...
# Subtest: sanitizeGoals: invalid type → short fallback
ok 357 - sanitizeGoals: invalid type → short fallback
  ---
  duration_ms: 0.490733
  type: 'test'
  ...
# Subtest: sanitizeGoals: invalid deadline → tomorrow fallback
ok 358 - sanitizeGoals: invalid deadline → tomorrow fallback
  ---
  duration_ms: 0.14479
  type: 'test'
  ...
# Subtest: sanitizeGoals: missing steps → auto-generates
ok 359 - sanitizeGoals: missing steps → auto-generates
  ---
  duration_ms: 0.103246
  type: 'test'
  ...
# Subtest: sanitizeGoals: steps is array of {text, done}
ok 360 - sanitizeGoals: steps is array of {text, done}
  ---
  duration_ms: 0.176548
  type: 'test'
  ...
# Subtest: sanitizeGoals: hard cap 200 entries
ok 361 - sanitizeGoals: hard cap 200 entries
  ---
  duration_ms: 0.530955
  type: 'test'
  ...
# Subtest: sanitizeGoals: stat whitelist
ok 362 - sanitizeGoals: stat whitelist
  ---
  duration_ms: 0.141444
  type: 'test'
  ...
# Subtest: sanitizeXpHistory: not-array → empty
ok 363 - sanitizeXpHistory: not-array → empty
  ---
  duration_ms: 0.143887
  type: 'test'
  ...
# Subtest: sanitizeXpHistory: drops malformed entries
ok 364 - sanitizeXpHistory: drops malformed entries
  ---
  duration_ms: 0.101934
  type: 'test'
  ...
# Subtest: sanitizeXpHistory: hard cap 366 (1 year)
ok 365 - sanitizeXpHistory: hard cap 366 (1 year)
  ---
  duration_ms: 0.258532
  type: 'test'
  ...
# Subtest: sanitizeBossKills: defaults when null/non-object
ok 366 - sanitizeBossKills: defaults when null/non-object
  ---
  duration_ms: 0.116046
  type: 'test'
  ...
# Subtest: sanitizeBossKills: clamps negatives and overflows
ok 367 - sanitizeBossKills: clamps negatives and overflows
  ---
  duration_ms: 0.099432
  type: 'test'
  ...
# Subtest: sanitizeBossKills: drops unknown boss names
ok 368 - sanitizeBossKills: drops unknown boss names
  ---
  duration_ms: 0.13744
  type: 'test'
  ...
# Subtest: sanitizeGoal round-trips a valid goal
ok 369 - sanitizeGoal round-trips a valid goal
  ---
  duration_ms: 0.38253
  type: 'test'
  ...
# Subtest: sanitizeGoal rejects junk input with safe defaults
ok 370 - sanitizeGoal rejects junk input with safe defaults
  ---
  duration_ms: 0.211161
  type: 'test'
  ...
# Subtest: sanitizeCard round-trips lastFailDay day-key
ok 371 - sanitizeCard round-trips lastFailDay day-key
  ---
  duration_ms: 0.324201
  type: 'test'
  ...
# Subtest: sanitizeCard rejects inherited stat names like toString
ok 372 - sanitizeCard rejects inherited stat names like toString
  ---
  duration_ms: 0.153173
  type: 'test'
  ...
# Subtest: sanitizeGoal rejects inherited goal types like constructor
ok 373 - sanitizeGoal rejects inherited goal types like constructor
  ---
  duration_ms: 0.140353
  type: 'test'
  ...
# Subtest: sanitizeGoal truncates oversized strings and arrays
ok 374 - sanitizeGoal truncates oversized strings and arrays
  ---
  duration_ms: 1.208344
  type: 'test'
  ...
# Subtest: P18 reducer: sh/capture — captured=true; вход не мутируется, соседние элементы те же ссылки
ok 375 - P18 reducer: sh/capture — captured=true; вход не мутируется, соседние элементы те же ссылки
  ---
  duration_ms: 2.192866
  type: 'test'
  ...
# Subtest: P18 reducer: sh/lose и sh/refuge — зеркало осадных правок runWeeklySiege (захват снят/прибежище, гарнизон [], постройки → ruin)
ok 376 - P18 reducer: sh/lose и sh/refuge — зеркало осадных правок runWeeklySiege (захват снят/прибежище, гарнизон [], постройки → ruin)
  ---
  duration_ms: 1.04784
  type: 'test'
  ...
# Subtest: P18 reducer: sh/restore-prefix — первые N каталога захвачены (\#49 checkCapturedRecovery); всё захвачено ⇒ та же ссылка
ok 377 - P18 reducer: sh/restore-prefix — первые N каталога захвачены (\#49 checkCapturedRecovery); всё захвачено ⇒ та же ссылка
  ---
  duration_ms: 0.286785
  type: 'test'
  ...
# Subtest: P18 reducer: sh/garrison:add — стек растёт/создаётся; take-stack изымает; мусор игнорируется
ok 378 - P18 reducer: sh/garrison:add — стек растёт/создаётся; take-stack изымает; мусор игнорируется
  ---
  duration_ms: 0.631708
  type: 'test'
  ...
# Subtest: P18 reducer: sh/build и sh/rebuild — форма постройки 1:1 buyBuilding/rebuildBuilding (built/ok/0/builtAt)
ok 379 - P18 reducer: sh/build и sh/rebuild — форма постройки 1:1 buyBuilding/rebuildBuilding (built/ok/0/builtAt)
  ---
  duration_ms: 1.788653
  type: 'test'
  ...
# Subtest: P18 reducer: sh/garrison:set и sh/buildings:set — санитайзер гарнизона и замена карты построек
ok 380 - P18 reducer: sh/garrison:set и sh/buildings:set — санитайзер гарнизона и замена карты построек
  ---
  duration_ms: 0.339896
  type: 'test'
  ...
# Subtest: P18 store: dispatch применяет команду НА МЕСТЕ — идентичность массива и объектов сохраняется
ok 381 - P18 store: dispatch применяет команду НА МЕСТЕ — идентичность массива и объектов сохраняется
  ---
  duration_ms: 0.634242
  type: 'test'
  ...
# Subtest: P18 store: false при отсутствии источника/мусорной команде — домен не тронут (фоллбек вызывающего)
ok 382 - P18 store: false при отсутствии источника/мусорной команде — домен не тронут (фоллбек вызывающего)
  ---
  duration_ms: 0.972225
  type: 'test'
  ...
# Subtest: P18 store: источник-accessor живёт сквозь замену массива (applySyncData) — ре-бинд не нужен
ok 383 - P18 store: источник-accessor живёт сквозь замену массива (applySyncData) — ре-бинд не нужен
  ---
  duration_ms: 0.532748
  type: 'test'
  ...
# Subtest: P18 store: селекторы чтения — sh/shCaptured/capturedCount/frontIdx (линейный дефолт фронта)
ok 384 - P18 store: селекторы чтения — sh/shCaptured/capturedCount/frontIdx (линейный дефолт фронта)
  ---
  duration_ms: 0.529834
  type: 'test'
  ...
# Subtest: P18 store: событие nd:store:stronghold на NDDBus (typeof-гвард: шины может не быть)
ok 385 - P18 store: событие nd:store:stronghold на NDDBus (typeof-гвард: шины может не быть)
  ---
  duration_ms: 0.440138
  type: 'test'
  ...
# Subtest: P18 подключение: store.js грузится в index.html до app.js и в SW-прекэше
ok 386 - P18 подключение: store.js грузится в index.html до app.js и в SW-прекэше
  ---
  duration_ms: 0.968519
  type: 'test'
  ...
# Subtest: P18→P19 app.js: адаптер чтения + команды write-потоков; тик/осада/штурм — inline-гварды стора
ok 387 - P18→P19 app.js: адаптер чтения + команды write-потоков; тик/осада/штурм — inline-гварды стора
  ---
  duration_ms: 6.665148
  type: 'test'
  ...
# Subtest: P18+P19 store: число команд доменов и неизменность схемы (никаких новых полей состояния)
ok 388 - P18+P19 store: число команд доменов и неизменность схемы (никаких новых полей состояния)
  ---
  duration_ms: 0.447628
  type: 'test'
  ...
# Subtest: P19 reducer: eco/army-loss — дельты по тирам, стопа не исчезает полностью, мусор игнорируется
ok 389 - P19 reducer: eco/army-loss — дельты по тирам, стопа не исчезает полностью, мусор игнорируется
  ---
  duration_ms: 0.265293
  type: 'test'
  ...
# Subtest: P19 reducer: eco/army-add / eco/army-zero — найм в поле и перевод стопы; zero при нуле — та же ссылка
ok 390 - P19 reducer: eco/army-add / eco/army-zero — найм в поле и перевод стопы; zero при нуле — та же ссылка
  ---
  duration_ms: 0.205883
  type: 'test'
  ...
# Subtest: P19 reducer: siege/* — неделя/итог недели/сутки штурма/осадный склад; идемпотенты — та же ссылка
ok 391 - P19 reducer: siege/* — неделя/итог недели/сутки штурма/осадный склад; идемпотенты — та же ссылка
  ---
  duration_ms: 0.390092
  type: 'test'
  ...
# Subtest: P19 store: dispatch eco/siege применяет НА МЕСТЕ — идентичность army, army.units и siege сохраняется
ok 392 - P19 store: dispatch eco/siege применяет НА МЕСТЕ — идентичность army, army.units и siege сохраняется
  ---
  duration_ms: 0.488682
  type: 'test'
  ...
# Subtest: P19 store: эквивалентность dispatch-пути и прежних прямых правок (осада/штурм на одинаковых данных)
ok 393 - P19 store: эквивалентность dispatch-пути и прежних прямых правок (осада/штурм на одинаковых данных)
  ---
  duration_ms: 0.248127
  type: 'test'
  ...
# Subtest: P19 store: snapshot() — живые ссылки трёх доменов; следует замене объектов (applySyncData) без ре-бинда
ok 394 - P19 store: snapshot() — живые ссылки трёх доменов; следует замене объектов (applySyncData) без ре-бинда
  ---
  duration_ms: 0.85737
  type: 'test'
  ...
# Subtest: P19 store: события nd:store:economy / nd:store:siege на NDDBus (typeof-гвард: шины может не быть)
ok 395 - P19 store: события nd:store:economy / nd:store:siege на NDDBus (typeof-гвард: шины может не быть)
  ---
  duration_ms: 0.445736
  type: 'test'
  ...
# Subtest: P19 storage.js: снапшот сейва собирает strongholds/army/siege ИЗ СТОРА (typeof-гвард + прямой фоллбек)
ok 396 - P19 storage.js: снапшот сейва собирает strongholds/army/siege ИЗ СТОРА (typeof-гвард + прямой фоллбек)
  ---
  duration_ms: 0.593261
  type: 'test'
  ...
# Subtest: каталог: 20 твердынь, gar+def=total, монотонность, слоты
ok 397 - каталог: 20 твердынь, gar+def=total, монотонность, слоты
  ---
  duration_ms: 2.856031
  type: 'test'
  ...
# Subtest: каталог: налоги — пин BALANCE круг 3 (247 + 85 + 8020 = 8352)
ok 398 - каталог: налоги — пин BALANCE круг 3 (247 + 85 + 8020 = 8352)
  ---
  duration_ms: 0.925704
  type: 'test'
  ...
# Subtest: каталог: 7 тиров — пин найма/силы/прироста (SPEC §3, BALANCE R1)
ok 399 - каталог: 7 тиров — пин найма/силы/прироста (SPEC §3, BALANCE R1)
  ---
  duration_ms: 0.264631
  type: 'test'
  ...
# Subtest: каталог: 20 построек, стоимости круга 2 (−40%), категории 7/5/4/4
ok 400 - каталог: 20 построек, стоимости круга 2 (−40%), категории 7/5/4/4
  ---
  duration_ms: 0.374477
  type: 'test'
  ...
# Subtest: миграция v7→v8: regions=5 → 5 captured, золото/карточки/задачи целы
ok 401 - миграция v7→v8: regions=5 → 5 captured, золото/карточки/задачи целы
  ---
  duration_ms: 1.728071
  type: 'test'
  ...
# Subtest: миграция v7→v8: guard'ы — regions 0 / отсутствие tractState / 99 → clamp 10
ok 402 - миграция v7→v8: guard'ы — regions 0 / отсутствие tractState / 99 → clamp 10
  ---
  duration_ms: 0.612349
  type: 'test'
  ...
# Subtest: миграция v7→v8: повторный вызов не меняет уже смигрированные поля
ok 403 - миграция v7→v8: повторный вызов не меняет уже смигрированные поля
  ---
  duration_ms: 0.317161
  type: 'test'
  ...
# Subtest: миграция v13→v14: подход появляется с дефолтом «assault», остальное не тронуто
ok 404 - миграция v13→v14: подход появляется с дефолтом «assault», остальное не тронуто
  ---
  duration_ms: 0.223058
  type: 'test'
  ...
# Subtest: миграция v13→v14: валидный сохранённый подход сохраняется, мусор/чужой id → «assault»
ok 405 - миграция v13→v14: валидный сохранённый подход сохраняется, мусор/чужой id → «assault»
  ---
  duration_ms: 0.52767
  type: 'test'
  ...
# Subtest: миграция v13→v14: idempotent — повторный прогон байт-стабилен
ok 406 - миграция v13→v14: idempotent — повторный прогон байт-стабилен
  ---
  duration_ms: 0.549934
  type: 'test'
  ...
# Subtest: sanitizeStrongholds: null/мусор → 20 безопасных записей
ok 407 - sanitizeStrongholds: null/мусор → 20 безопасных записей
  ---
  duration_ms: 0.729467
  type: 'test'
  ...
# Subtest: sanitizeStrongholds: whitelist id, captured bool, мусорные элементы игнорируются
ok 408 - sanitizeStrongholds: whitelist id, captured bool, мусорные элементы игнорируются
  ---
  duration_ms: 0.275387
  type: 'test'
  ...
# Subtest: sanitizeStrongholds: гарнизон — только t1..t7, clamp 0..1e6, дедуп по тиру
ok 409 - sanitizeStrongholds: гарнизон — только t1..t7, clamp 0..1e6, дедуп по тиру
  ---
  duration_ms: 0.381478
  type: 'test'
  ...
# Subtest: sanitizeStrongholds: постройки — только из каталога, стадия whitelist, debtDays 0..365
ok 410 - sanitizeStrongholds: постройки — только из каталога, стадия whitelist, debtDays 0..365
  ---
  duration_ms: 0.284171
  type: 'test'
  ...
# Subtest: sanitizeStrongholds: corruption whitelist + debtDays clamp; round-trip стабилен
ok 411 - sanitizeStrongholds: corruption whitelist + debtDays clamp; round-trip стабилен
  ---
  duration_ms: 0.313736
  type: 'test'
  ...
# Subtest: sanitizeArmy: дефолты, clamp 0..1e6, неделя 0..520, мусор отброшен
ok 412 - sanitizeArmy: дефолты, clamp 0..1e6, неделя 0..520, мусор отброшен
  ---
  duration_ms: 0.286445
  type: 'test'
  ...
# Subtest: sanitizeSiege: week 1..520, lastResult — только плоские примитивы
ok 413 - sanitizeSiege: week 1..520, lastResult — только плоские примитивы
  ---
  duration_ms: 0.625238
  type: 'test'
  ...
# Subtest: armyPower: Σ count×сила, обе формы входа, отрицательные игнорируются
ok 414 - armyPower: Σ count×сила, обе формы входа, отрицательные игнорируются
  ---
  duration_ms: 0.557165
  type: 'test'
  ...
# Subtest: defensePower: SPEC §4 — тренировочные нейтралы sh01 (gar 3, def 2, total 5)
ok 415 - defensePower: SPEC §4 — тренировочные нейтралы sh01 (gar 3, def 2, total 5)
  ---
  duration_ms: 0.235769
  type: 'test'
  ...
# Subtest: Г1-1 состав армии: ≥3 тиров ×1.08 атака, mono-гарнизон ×1.15 оборона, 2 тира нейтраль
ok 416 - Г1-1 состав армии: ≥3 тиров ×1.08 атака, mono-гарнизон ×1.15 оборона, 2 тира нейтраль
  ---
  duration_ms: 0.288818
  type: 'test'
  ...
# Subtest: assaultOutcome: победа/attrition по SPEC §4 (пример 22 против 15 ≈ 20.4%)
ok 417 - assaultOutcome: победа/attrition по SPEC §4 (пример 22 против 15 ≈ 20.4%)
  ---
  duration_ms: 0.358304
  type: 'test'
  ...
# Subtest: assaultOutcome: модификаторы agi (−50% кап) и Кузни Знамён (×0.8)
ok 418 - assaultOutcome: модификаторы agi (−50% кап) и Кузни Знамён (×0.8)
  ---
  duration_ms: 0.212122
  type: 'test'
  ...
# Subtest: assaultOutcome: отступление 10–30% (rand), границы; def 0 → победа
ok 419 - assaultOutcome: отступление 10–30% (rand), границы; def 0 → победа
  ---
  duration_ms: 0.199623
  type: 'test'
  ...
# Subtest: siegePower: пины SPEC §5 [C: 76/115/167/267/777], W_eff-кап по прогрессу (ADR П1-12)
ok 420 - siegePower: пины SPEC §5 [C: 76/115/167/267/777], W_eff-кап по прогрессу (ADR П1-12)
  ---
  duration_ms: 0.346486
  type: 'test'
  ...
# Subtest: corruptionTick: upkeep первым, оплата → gold-upkeep, вход не мутируется
ok 421 - corruptionTick: upkeep первым, оплата → gold-upkeep, вход не мутируется
  ---
  duration_ms: 0.369861
  type: 'test'
  ...
# Subtest: corruptionTick: grace (wil 0 → 2) не ест 1-й и 2-й день, деградация Целое→Обветшало→Руина
ok 422 - corruptionTick: grace (wil 0 → 2) не ест 1-й и 2-й день, деградация Целое→Обветшало→Руина
  ---
  duration_ms: 0.184932
  type: 'test'
  ...
# Subtest: corruptionTick: grace растёт от wil (2+floor(wil/20)), кап 7
ok 423 - corruptionTick: grace растёт от wil (2+floor(wil/20)), кап 7
  ---
  duration_ms: 0.359936
  type: 'test'
  ...
# Subtest: corruptionTick: step 4 при Соборе Порядка (П3)
ok 424 - corruptionTick: step 4 при Соборе Порядка (П3)
  ---
  duration_ms: 0.160453
  type: 'test'
  ...
# Subtest: corruptionTick: восстановление 1 ступень/день, debtDays → 0; руина не ест
ok 425 - corruptionTick: восстановление 1 ступень/день, debtDays → 0; руина не ест
  ---
  duration_ms: 0.172622
  type: 'test'
  ...
# Subtest: corruptionTick: иммунитет нового — не деградирует и не копит долг, оплата сбрасывает
ok 426 - corruptionTick: иммунитет нового — не деградирует и не копит долг, оплата сбрасывает
  ---
  duration_ms: 0.161705
  type: 'test'
  ...
# Subtest: corruptionTick: built:false и чужие id игнорируются, дефицит обнуляет золото
ok 427 - corruptionTick: built:false и чужие id игнорируются, дефицит обнуляет золото
  ---
  duration_ms: 0.159592
  type: 'test'
  ...
# Subtest: P20 модуль: 8 функций рендера объявлены в js/ui/strongholds.js и убраны из app.js
ok 428 - P20 модуль: 8 функций рендера объявлены в js/ui/strongholds.js и убраны из app.js
  ---
  duration_ms: 2.953319
  type: 'test'
  ...
# Subtest: P20 подключение: index.html грузит ui-модуль между event-bus и app.js; SW прекэшит его
ok 429 - P20 подключение: index.html грузит ui-модуль между event-bus и app.js; SW прекэшит его
  ---
  duration_ms: 0.290982
  type: 'test'
  ...
# Subtest: P20 исходник: подписка на все три доменных события стора, без шины — тихий ноль
ok 430 - P20 исходник: подписка на все три доменных события стора, без шины — тихий ноль
  ---
  duration_ms: 0.473909
  type: 'test'
  ...
# Subtest: P20 подписки: событие стора перерисовывает ТОЛЬКО активную вкладку «Твердыни»
ok 431 - P20 подписки: событие стора перерисовывает ТОЛЬКО активную вкладку «Твердыни»
  ---
  duration_ms: 1.576762
  type: 'test'
  ...
# Subtest: P20 подписки: упавший рендер не роняет подписчика (try/catch), флаг возврата честный
ok 432 - P20 подписки: упавший рендер не роняет подписчика (try/catch), флаг возврата честный
  ---
  duration_ms: 0.574481
  type: 'test'
  ...
# Subtest: checkDailyReset вызывает дневной тик твердынь (содержание+коррапшн) и воскресную осаду
ok 433 - checkDailyReset вызывает дневной тик твердынь (содержание+коррапшн) и воскресную осаду
  ---
  duration_ms: 1.50363
  type: 'test'
  ...
# Subtest: strongholdsDailyTick использует corruptionTick из stronghold-model (не дублирует формулу)
ok 434 - strongholdsDailyTick использует corruptionTick из stronghold-model (не дублирует формулу)
  ---
  duration_ms: 0.77189
  type: 'test'
  ...
# Subtest: runWeeklySiege использует siegePower/defensePower модели и анти-тупик D3
ok 435 - runWeeklySiege использует siegePower/defensePower модели и анти-тупик D3
  ---
  duration_ms: 0.540971
  type: 'test'
  ...
# Subtest: штурм идёт через SM.assaultOutcome, подтверждается dungeonConfirm, лимит 1/сутки
ok 436 - штурм идёт через SM.assaultOutcome, подтверждается dungeonConfirm, лимит 1/сутки
  ---
  duration_ms: 2.356133
  type: 'test'
  ...
# Subtest: коррапшн: обнулили золото → тик → стадия worn (grace wil=3 → 2 дня, step 2)
ok 437 - коррапшн: обнулили золото → тик → стадия worn (grace wil=3 → 2 дня, step 2)
  ---
  duration_ms: 0.542533
  type: 'test'
  ...
# Subtest: коррапшн: оплата поднимает ступень (worn → ok), руина не ест
ok 438 - коррапшн: оплата поднимает ступень (worn → ok), руина не ест
  ---
  duration_ms: 1.429317
  type: 'test'
  ...
# Subtest: легаси-Карта снесена: ROOMS/ESCAPE_MAX/renderMap/updateEscapeDisplay отсутствуют
ok 439 - легаси-Карта снесена: ROOMS/ESCAPE_MAX/renderMap/updateEscapeDisplay отсутствуют
  ---
  duration_ms: 1.759578
  type: 'test'
  ...
# Subtest: вкладка Карты заменена на Твердыни (nav, bottom-nav, view, диспетчер)
ok 440 - вкладка Карты заменена на Твердыни (nav, bottom-nav, view, диспетчер)
  ---
  duration_ms: 0.31648
  type: 'test'
  ...
# Subtest: hero: statRankups/statEscape заменены на «Твердынь N/20»
ok 441 - hero: statRankups/statEscape заменены на «Твердынь N/20»
  ---
  duration_ms: 0.36924
  type: 'test'
  ...
# Subtest: header: «Побег» → «Твердыни», счётчик 0/20, кэш-пин единообразно
ok 442 - header: «Побег» → «Твердыни», счётчик 0/20, кэш-пин единообразно
  ---
  duration_ms: 0.66635
  type: 'test'
  ...
# Subtest: css: сетка провинций, панель, коррапшн-стадии ok/worn/ruin; стили Карты снесены
ok 443 - css: сетка провинций, панель, коррапшн-стадии ok/worn/ruin; стили Карты снесены
  ---
  duration_ms: 0.744659
  type: 'test'
  ...
# Subtest: штурм из e2e-сценария: 14×Т1 (power 28) берёт твердыню №1 (defN 5)
ok 444 - штурм из e2e-сценария: 14×Т1 (power 28) берёт твердыню №1 (defN 5)
  ---
  duration_ms: 0.337021
  type: 'test'
  ...
# Subtest: P9: BRANCH_META — у всех трёх веток текст последствий; тултип = путь + факт узла
ok 445 - P9: BRANCH_META — у всех трёх веток текст последствий; тултип = путь + факт узла
  ---
  duration_ms: 0.778991
  type: 'test'
  ...
# Subtest: P9: chooseAssaultTarget — locked-цели disabled+aria-disabled с причиной; тултипы на целях, карточках и рёбрах карты
ok 446 - P9: chooseAssaultTarget — locked-цели disabled+aria-disabled с причиной; тултипы на целях, карточках и рёбрах карты
  ---
  duration_ms: 0.339564
  type: 'test'
  ...
# Subtest: telemetry: event() попадает в кольцо и счётчик, flush() пишет в localStorage
ok 447 - telemetry: event() попадает в кольцо и счётчик, flush() пишет в localStorage
  ---
  duration_ms: 2.375262
  type: 'test'
  ...
# Subtest: telemetry: повтор того же имени < 2 c — в счётчик, без дубля в кольце
ok 448 - telemetry: повтор того же имени < 2 c — в счётчик, без дубля в кольце
  ---
  duration_ms: 0.746843
  type: 'test'
  ...
# Subtest: telemetry: error() пишется немедленно, без ожидания flush-таймера
ok 449 - telemetry: error() пишется немедленно, без ожидания flush-таймера
  ---
  duration_ms: 1.603382
  type: 'test'
  ...
# Subtest: telemetry: кольцо ограничено 200 событиями, старые вытесняются
ok 450 - telemetry: кольцо ограничено 200 событиями, старые вытесняются
  ---
  duration_ms: 0.894928
  type: 'test'
  ...
# Subtest: telemetry: журнал и счётчики восстанавливаются после перезапуска (новая вкладка/сессия)
ok 451 - telemetry: журнал и счётчики восстанавливаются после перезапуска (новая вкладка/сессия)
  ---
  duration_ms: 0.450042
  type: 'test'
  ...
# Subtest: telemetry: битый журнал в localStorage не роняет старт
ok 452 - telemetry: битый журнал в localStorage не роняет старт
  ---
  duration_ms: 0.313044
  type: 'test'
  ...
# Subtest: telemetry: DOMContentLoaded регистрируется при loading и даёт dom_ready
ok 453 - telemetry: DOMContentLoaded регистрируется при loading и даёт dom_ready
  ---
  duration_ms: 0.294667
  type: 'test'
  ...
# Subtest: telemetry: готовый документ (interactive) → dom_ready сразу
ok 454 - telemetry: готовый документ (interactive) → dom_ready сразу
  ---
  duration_ms: 0.413988
  type: 'test'
  ...
# Subtest: telemetry: RUNTIME_ERROR ловится через window error-listener
ok 455 - telemetry: RUNTIME_ERROR ловится через window error-listener
  ---
  duration_ms: 0.761345
  type: 'test'
  ...
# Subtest: telemetry: данные событий санитизируются (строки обрезаются, объекты уплощаются)
ok 456 - telemetry: данные событий санитизируются (строки обрезаются, объекты уплощаются)
  ---
  duration_ms: 0.649304
  type: 'test'
  ...
# Subtest: pickTodayCard: стрик под угрозой важнее близости к ранг-апу
ok 457 - pickTodayCard: стрик под угрозой важнее близости к ранг-апу
  ---
  duration_ms: 1.349757
  type: 'test'
  ...
# Subtest: pickTodayCard: без стриков — ближайшая к ранг-апу
ok 458 - pickTodayCard: без стриков — ближайшая к ранг-апу
  ---
  duration_ms: 0.537596
  type: 'test'
  ...
# Subtest: pickTodayCard: больший стрик среди горящих, выполненные сегодня исключены
ok 459 - pickTodayCard: больший стрик среди горящих, выполненные сегодня исключены
  ---
  duration_ms: 0.302018
  type: 'test'
  ...
# Subtest: pickTodayCard: все выполнены → card:null; пустая колода → null
ok 460 - pickTodayCard: все выполнены → card:null; пустая колода → null
  ---
  duration_ms: 0.574772
  type: 'test'
  ...
# Subtest: todayKingdomLine: долг содержания важнее осадного календаря
ok 461 - todayKingdomLine: долг содержания важнее осадного календаря
  ---
  duration_ms: 1.847141
  type: 'test'
  ...
# Subtest: renderTodayPriority: кнопка переиспользует complete-card, контекст королевства присутствует
ok 462 - renderTodayPriority: кнопка переиспользует complete-card, контекст королевства присутствует
  ---
  duration_ms: 1.584823
  type: 'test'
  ...
# Subtest: renderTodayPriority: пустая колода и закрытый день — без кнопки действия
ok 463 - renderTodayPriority: пустая колода и закрытый день — без кнопки действия
  ---
  duration_ms: 1.63501
  type: 'test'
  ...
# Subtest: daysToSiegeNow: штурм = воскресная ночь; Вс→0, Сб→1, Вт→5 (ревизия 30.09: суббота больше не 7)
ok 464 - daysToSiegeNow: штурм = воскресная ночь; Вс→0, Сб→1, Вт→5 (ревизия 30.09: суббота больше не 7)
  ---
  duration_ms: 0.291743
  type: 'test'
  ...
# Subtest: renderDashboard интегрирует панель до beginner/veteran-ветвления (контракт ux-first-day не тронут)
ok 465 - renderDashboard интегрирует панель до beginner/veteran-ветвления (контракт ux-first-day не тронут)
  ---
  duration_ms: 0.54713
  type: 'test'
  ...
# Subtest: tradeRoutes counts adjacent captured pairs only
ok 466 - tradeRoutes counts adjacent captured pairs only
  ---
  duration_ms: 0.976421
  type: 'test'
  ...
# Subtest: tradeBonus: +2% per route, cap 38%
ok 467 - tradeBonus: +2% per route, cap 38%
  ---
  duration_ms: 0.291372
  type: 'test'
  ...
# Subtest: trade income matches app contract on full chain
ok 468 - trade income matches app contract on full chain
  ---
  duration_ms: 1.53666
  type: 'test'
  ...
# Subtest: STARTER_DECK constant is declared with 3-4 cards
ok 469 - STARTER_DECK constant is declared with 3-4 cards
  ---
  duration_ms: 1.44392
  type: 'test'
  ...
# Subtest: STARTER_DECK cards have required fields (name, stat, time, duration)
ok 470 - STARTER_DECK cards have required fields (name, stat, time, duration)
  ---
  duration_ms: 0.293896
  type: 'test'
  ...
# Subtest: STARTER_DECK stats are valid RPG attributes
ok 471 - STARTER_DECK stats are valid RPG attributes
  ---
  duration_ms: 0.328649
  type: 'test'
  ...
# Subtest: Starter deck modal exists in HTML
ok 472 - Starter deck modal exists in HTML
  ---
  duration_ms: 0.272553
  type: 'test'
  ...
# Subtest: All starter-deck data-actions wired in event delegation
ok 473 - All starter-deck data-actions wired in event delegation
  ---
  duration_ms: 0.155606
  type: 'test'
  ...
# Subtest: showStarterDeck function exists and is guarded
ok 474 - showStarterDeck function exists and is guarded
  ---
  duration_ms: 0.285694
  type: 'test'
  ...
# Subtest: acceptStarterDeck function exists and adds cards
ok 475 - acceptStarterDeck function exists and adds cards
  ---
  duration_ms: 0.300325
  type: 'test'
  ...
# Subtest: closeStarterDeck records done flag even when skipping
ok 476 - closeStarterDeck records done flag even when skipping
  ---
  duration_ms: 0.22427
  type: 'test'
  ...
# Subtest: makeStarterCard returns lock-rank-to-C card
ok 477 - makeStarterCard returns lock-rank-to-C card
  ---
  duration_ms: 0.483523
  type: 'test'
  ...
# Subtest: Dashboard has help (info) button
ok 478 - Dashboard has help (info) button
  ---
  duration_ms: 0.545708
  type: 'test'
  ...
# Subtest: toggleHelp function provides rewards/risks content
ok 479 - toggleHelp function provides rewards/risks content
  ---
  duration_ms: 5.672552
  type: 'test'
  ...
# Subtest: showTextTooltip helper exists for non-inventory help
ok 480 - showTextTooltip helper exists for non-inventory help
  ---
  duration_ms: 0.30381
  type: 'test'
  ...
# Subtest: renderDashboard branches beginner vs veteran
ok 481 - renderDashboard branches beginner vs veteran
  ---
  duration_ms: 0.718038
  type: 'test'
  ...
# Subtest: Beginner dashboard mentions key numbers
ok 482 - Beginner dashboard mentions key numbers
  ---
  duration_ms: 0.41566
  type: 'test'
  ...
# Subtest: Starter deck is triggered for first-run players
ok 483 - Starter deck is triggered for first-run players
  ---
  duration_ms: 0.483995
  type: 'test'
  ...
# Subtest: CSS provides starter-card and info-btn styles
ok 484 - CSS provides starter-card and info-btn styles
  ---
  duration_ms: 0.361179
  type: 'test'
  ...
# Subtest: Starter deck never forces non-default rank
ok 485 - Starter deck never forces non-default rank
  ---
  duration_ms: 0.250529
  type: 'test'
  ...
# Subtest: Starter deck respects anti-exploit: rank always C
ok 486 - Starter deck respects anti-exploit: rank always C
  ---
  duration_ms: 0.150939
  type: 'test'
  ...
# Subtest: KG: 20 тайлов watertight, 4 провинции по 5, центры в полигонах, смежность-цепь, мир 780×1120
ok 487 - KG: 20 тайлов watertight, 4 провинции по 5, центры в полигонах, смежность-цепь, мир 780×1120
  ---
  duration_ms: 10.826047
  type: 'test'
  ...
# Subtest: карта рендерит 20 узлов role=button + aria-label + legend 4 состояния
ok 488 - карта рендерит 20 узлов role=button + aria-label + legend 4 состояния
  ---
  duration_ms: 5.298475
  type: 'test'
  ...
# Subtest: статусы: captured/locked/front/siege + connector owned + corruption arc + полит-заливки
ok 489 - статусы: captured/locked/front/siege + connector owned + corruption arc + полит-заливки
  ---
  duration_ms: 7.094309
  type: 'test'
  ...
# Subtest: тап по узлу открывает панель + keydown Enter/Space (контракты диспетчера)
ok 490 - тап по узлу открывает панель + keydown Enter/Space (контракты диспетчера)
  ---
  duration_ms: 5.733806
  type: 'test'
  ...
# Subtest: Фаза F: catClass категории zh/ec/df/sp + builtTileHtml img/stageBadge + buyTileHtml reason
ok 491 - Фаза F: catClass категории zh/ec/df/sp + builtTileHtml img/stageBadge + buyTileHtml reason
  ---
  duration_ms: 0.967296
  type: 'test'
  ...
# Subtest: Фаза F: каталог рендерится тайлами — все доступные + reason-логика + CSS сетки
ok 492 - Фаза F: каталог рендерится тайлами — все доступные + reason-логика + CSS сетки
  ---
  duration_ms: 0.714314
  type: 'test'
  ...
# Subtest: Г1-2: гейты доктрин — t1 на 3, t2 на 8, t3 на 14 захватах
ok 493 - Г1-2: гейты доктрин — t1 на 3, t2 на 8, t3 на 14 захватах
  ---
  duration_ms: 2.853468
  type: 'test'
  ...
# Subtest: Г1-2: doctrineOf — id в своём тире, cross-tier → null, пусто → null
ok 494 - Г1-2: doctrineOf — id в своём тире, cross-tier → null, пусто → null
  ---
  duration_ms: 2.427542
  type: 'test'
  ...
# Subtest: Г1-2: эффекты 8 id — tax 1.15 / upkeep 0.8 / atk 1.10 / growth 1.25 / fort 1.10 / crown 1.10 / veteran 0.7 / engine 0.85
ok 495 - Г1-2: эффекты 8 id — tax 1.15 / upkeep 0.8 / atk 1.10 / growth 1.25 / fort 1.10 / crown 1.10 / veteran 0.7 / engine 0.85
  ---
  duration_ms: 2.285105
  type: 'test'
  ...
# Subtest: Г1-2: activeDoctrineList — только выбранные, порядок t1→t2→t3
ok 496 - Г1-2: activeDoctrineList — только выбранные, порядок t1→t2→t3
  ---
  duration_ms: 0.292934
  type: 'test'
  ...
# Subtest: Г1-2: activeDoctrineList — имена выбранных доктрин
ok 497 - Г1-2: activeDoctrineList — имена выбранных доктрин
  ---
  duration_ms: 0.327697
  type: 'test'
  ...
# Subtest: Г1-2: finishSeason сбрасывает doctrines на null + тост «Сезон новых доктрин»
ok 498 - Г1-2: finishSeason сбрасывает doctrines на null + тост «Сезон новых доктрин»
  ---
  duration_ms: 0.847826
  type: 'test'
  ...
# Subtest: Г1-2: sanitizeHero doctrines — whitelist 9 id, мусор → null
ok 499 - Г1-2: sanitizeHero doctrines — whitelist 9 id, мусор → null
  ---
  duration_ms: 3.230329
  type: 'test'
  ...
# Subtest: Г1-3: df-четвёрка в твердыне → def ×1.05, иначе ×1
ok 500 - Г1-3: df-четвёрка в твердыне → def ×1.05, иначе ×1
  ---
  duration_ms: 1.33818
  type: 'test'
  ...
# Subtest: Г1-3: 3+ ec → местный налог ×1.15, 2 ec → ×1
ok 501 - Г1-3: 3+ ec → местный налог ×1.15, 2 ec → ×1
  ---
  duration_ms: 1.050884
  type: 'test'
  ...
# Subtest: Г1-3: полная zh-линейка в захваченной → найм ×0.9; 6 из 7 или не захвачена → ×1
ok 502 - Г1-3: полная zh-линейка в захваченной → найм ×0.9; 6 из 7 или не захвачена → ×1
  ---
  duration_ms: 1.249815
  type: 'test'
  ...
# Subtest: Г1-3: sp2 в захваченном соседе с sp3 → atk ×1.05; иначе ×1
ok 503 - Г1-3: sp2 в захваченном соседе с sp3 → atk ×1.05; иначе ×1
  ---
  duration_ms: 1.350459
  type: 'test'
  ...
# Subtest: Г1-3: synergyRows — строки только активных синергий
ok 504 - Г1-3: synergyRows — строки только активных синергий
  ---
  duration_ms: 0.955819
  type: 'test'
  ...
# Subtest: Г1-3: source-контракты — синергии встроены в тик/доход/найм/штурм/панель/казну
ok 505 - Г1-3: source-контракты — синергии встроены в тик/доход/найм/штурм/панель/казну
  ---
  duration_ms: 1.950898
  type: 'test'
  ...
# Subtest: Г1-4: множители тактик — normal 1/1, feint 0.8/0.7, rush 1.25/2
ok 506 - Г1-4: множители тактик — normal 1/1, feint 0.8/0.7, rush 1.25/2
  ---
  duration_ms: 0.460108
  type: 'test'
  ...
# Subtest: Г1-4: дефолт — неизвестная/пустая тактика = «Штурм» (ESC-семантика)
ok 507 - Г1-4: дефолт — неизвестная/пустая тактика = «Штурм» (ESC-семантика)
  ---
  duration_ms: 0.253553
  type: 'test'
  ...
# Subtest: Г1-4: requestAssault — ветка тактики с 3 захватов, ниже — обычный confirm
ok 508 - Г1-4: requestAssault — ветка тактики с 3 захватов, ниже — обычный confirm
  ---
  duration_ms: 0.189097
  type: 'test'
  ...
# Subtest: Г1-4: requestTactic — 3 кнопки на confirmOverlay, свой ESC → «Штурм», cleanup восстанавливает
ok 509 - Г1-4: requestTactic — 3 кнопки на confirmOverlay, свой ESC → «Штурм», cleanup восстанавливает
  ---
  duration_ms: 0.287176
  type: 'test'
  ...
# Subtest: Г1-4: doAssault — atk и attrition умножаются на тактику, мусорная тактика = норма
ok 510 - Г1-4: doAssault — atk и attrition умножаются на тактику, мусорная тактика = норма
  ---
  duration_ms: 0.198731
  type: 'test'
  ...
# Subtest: Г1-5: stormDayOf — 9+(num%7) = 12±3, детерминированно от сезона
ok 511 - Г1-5: stormDayOf — 9+(num%7) = 12±3, детерминированно от сезона
  ---
  duration_ms: 0.516284
  type: 'test'
  ...
# Subtest: Г1-5: sanitizeStorm — whitelist 4 полей, мусор → null, paid только true
ok 512 - Г1-5: sanitizeStorm — whitelist 4 полей, мусор → null, paid только true
  ---
  duration_ms: 0.210519
  type: 'test'
  ...
# Subtest: Г1-5: checkStorm — деградация на 1 стадию (ok→worn→ruin), просрочка гасит бурю
ok 513 - Г1-5: checkStorm — деградация на 1 стадию (ok→worn→ruin), просрочка гасит бурю
  ---
  duration_ms: 0.268858
  type: 'test'
  ...
# Subtest: Г1-6: warlordTempo — floor(0.8×captured), минимум 1
ok 514 - Г1-6: warlordTempo — floor(0.8×captured), минимум 1
  ---
  duration_ms: 0.559718
  type: 'test'
  ...
# Subtest: Г1-6: seasonCapturedDelta — захваты сезона = счётчик − snapshot.captured, минимум 0
ok 515 - Г1-6: seasonCapturedDelta — захваты сезона = счётчик − snapshot.captured, минимум 0
  ---
  duration_ms: 0.477413
  type: 'test'
  ...
# Subtest: Г1-6: налог +5% при обгоне — после венцов и трона
ok 516 - Г1-6: налог +5% при обгоне — после венцов и трона
  ---
  duration_ms: 0.179803
  type: 'test'
  ...
# Subtest: Г1-6: finishSeason — обгон-флаг по дельте захвата, тост; sanitizeHero — строго boolean
ok 517 - Г1-6: finishSeason — обгон-флаг по дельте захвата, тост; sanitizeHero — строго boolean
  ---
  duration_ms: 0.496984
  type: 'test'
  ...
# Subtest: Г1-6: строка воеводы в сезонном блоке Твердыней + мини-бар
ok 518 - Г1-6: строка воеводы в сезонном блоке Твердыней + мини-бар
  ---
  duration_ms: 0.439187
  type: 'test'
  ...
# Subtest: Г2-1: каталог 11 боссов — имена, 3 фазы валидных типов, артефакты 4×tax/3×attrition/2×def/1×xp/1×cost
ok 519 - Г2-1: каталог 11 боссов — имена, 3 фазы валидных типов, артефакты 4×tax/3×attrition/2×def/1×xp/1×cost
  ---
  duration_ms: 2.106194
  type: 'test'
  ...
# Subtest: Г2-1: доступность — босс доступен на первом узле собранной провинции, недобор/частичная очередь закрывают
ok 520 - Г2-1: доступность — босс доступен на первом узле собранной провинции, недобор/частичная очередь закрывают
  ---
  duration_ms: 6.997362
  type: 'test'
  ...
# Subtest: Г2-1: фазы 4 типов закрываются/проваливаются на статах дня
ok 521 - Г2-1: фазы 4 типов закрываются/проваливаются на статах дня
  ---
  duration_ms: 0.945033
  type: 'test'
  ...
# Subtest: Г2-1: эскалация ×1.5 к XI — цели фаз масштабируются
ok 522 - Г2-1: эскалация ×1.5 к XI — цели фаз масштабируются
  ---
  duration_ms: 0.83782
  type: 'test'
  ...
# Subtest: Г2-1: 1 попытка/день — повтор отклонён, завтра попытка обновлена, босс продолжается
ok 523 - Г2-1: 1 попытка/день — повтор отклонён, завтра попытка обновлена, босс продолжается
  ---
  duration_ms: 1.760049
  type: 'test'
  ...
# Subtest: Г2-1: победа над боссом I (cards→streak→gold×2 по дням) — defeated+тост артефакта
ok 524 - Г2-1: победа над боссом I (cards→streak→gold×2 по дням) — defeated+тост артефакта
  ---
  duration_ms: 2.406069
  type: 'test'
  ...
# Subtest: Г2-1: пассивы артефактов — вкл/выкл, провинциальный скоуп, xp/cost глобальные
ok 525 - Г2-1: пассивы артефактов — вкл/выкл, провинциальный скоуп, xp/cost глобальные
  ---
  duration_ms: 1.736874
  type: 'test'
  ...
# Subtest: Г2-1: карточка босса рендерится сверху панели — вызов/фазы/артефакт
ok 526 - Г2-1: карточка босса рендерится сверху панели — вызов/фазы/артефакт
  ---
  duration_ms: 2.553081
  type: 'test'
  ...
# Subtest: Г2-1: sanitizeHero whitelist bosses — мусор → безопасная форма
ok 527 - Г2-1: sanitizeHero whitelist bosses — мусор → безопасная форма
  ---
  duration_ms: 1.089713
  type: 'test'
  ...
# Subtest: Г2-1: интеграции пассивов и хуков в app.js
ok 528 - Г2-1: интеграции пассивов и хуков в app.js
  ---
  duration_ms: 1.378029
  type: 'test'
  ...
# Subtest: Г2-2: weatherOf детерминирован — типы ясно/туман/засуха/метель, чистая функция без сейва
ok 529 - Г2-2: weatherOf детерминирован — типы ясно/туман/засуха/метель, чистая функция без сейва
  ---
  duration_ms: 0.865553
  type: 'test'
  ...
# Subtest: Г2-2: эффекты погоды вкл/выкл — гейт север/юг (метель ×2 upkeep только север 1-2, засуха ×0.75 налог только юг 3-4)
ok 530 - Г2-2: эффекты погоды вкл/выкл — гейт север/юг (метель ×2 upkeep только север 1-2, засуха ×0.75 налог только юг 3-4)
  ---
  duration_ms: 0.83661
  type: 'test'
  ...
# Subtest: Г2-2: пин-окна симов — сезон 1, недели 1-4: захваты пров 1-2 без метели, неделя 1 без эффектной засухи (контракт acceptance/parity/strongholds)
ok 531 - Г2-2: пин-окна симов — сезон 1, недели 1-4: захваты пров 1-2 без метели, неделя 1 без эффектной засухи (контракт acceptance/parity/strongholds)
  ---
  duration_ms: 0.671017
  type: 'test'
  ...
# Subtest: Г2-2: frontPowerText — туман прячет силу фронта, свежая тень её прокалывает
ok 532 - Г2-2: frontPowerText — туман прячет силу фронта, свежая тень её прокалывает
  ---
  duration_ms: 1.277668
  type: 'test'
  ...
# Subtest: Г2-3: лазутчик — совет тактики по ratio (штурм/ложный отход/казармы)
ok 533 - Г2-3: лазутчик — совет тактики по ratio (штурм/ложный отход/казармы)
  ---
  duration_ms: 1.339452
  type: 'test'
  ...
# Subtest: Г2-3: гейт 50💰 + одна тень за раз + срок годности 3 дня
ok 534 - Г2-3: гейт 50💰 + одна тень за раз + срок годности 3 дня
  ---
  duration_ms: 3.908909
  type: 'test'
  ...
# Subtest: Г2-2/Г2-3: интеграционные пины — экономика/тревога/карта/кейс/сброс тени/whitelist
ok 535 - Г2-2/Г2-3: интеграционные пины — экономика/тревога/карта/кейс/сброс тени/whitelist
  ---
  duration_ms: 1.594448
  type: 'test'
  ...
# Subtest: Г2-4: каталог COMBOS — 8 шт, id уникальны, need валиден (пара/тройка/3-разных/any)
ok 536 - Г2-4: каталог COMBOS — 8 шт, id уникальны, need валиден (пара/тройка/3-разных/any)
  ---
  duration_ms: 0.780013
  type: 'test'
  ...
# Subtest: Г2-4: comboCountsMet — пары, Триумвират ×3, Гармония 3-разных, Фокус wil+any
ok 537 - Г2-4: comboCountsMet — пары, Триумвират ×3, Гармония 3-разных, Фокус wil+any
  ---
  duration_ms: 0.692611
  type: 'test'
  ...
# Subtest: Г2-4: checkCombos — срабатывание → эффект+тост+combosFound, однократно в день, завтра снова
ok 538 - Г2-4: checkCombos — срабатывание → эффект+тост+combosFound, однократно в день, завтра снова
  ---
  duration_ms: 0.984383
  type: 'test'
  ...
# Subtest: Г2-4: эффекты комбо — blades/triumvirate/dawn золото, axis гнев, focus щит, vortex dayXp
ok 539 - Г2-4: эффекты комбо — blades/triumvirate/dawn золото, axis гнев, focus щит, vortex dayXp
  ---
  duration_ms: 1.691795
  type: 'test'
  ...
# Subtest: Г2-4: sanitizeHero whitelist — combosFound/dayStatCounts/combosToday/comboDayXp
ok 540 - Г2-4: sanitizeHero whitelist — combosFound/dayStatCounts/combosToday/comboDayXp
  ---
  duration_ms: 0.431845
  type: 'test'
  ...
# Subtest: Г2-4: интеграционные пины — completeCard/checkDailyReset/renderCards/index.html/css
ok 541 - Г2-4: интеграционные пины — completeCard/checkDailyReset/renderCards/index.html/css
  ---
  duration_ms: 2.103371
  type: 'test'
  ...
# Subtest: Г2-5: множители — ascEnemyMult ×(1+0.25N), bossEscalation ×1.2^N, dailyGoldGoal ×1.2^N (кап тоже ×1.2^N)
ok 542 - Г2-5: множители — ascEnemyMult ×(1+0.25N), bossEscalation ×1.2^N, dailyGoldGoal ×1.2^N (кап тоже ×1.2^N)
  ---
  duration_ms: 1.07448
  type: 'test'
  ...
# Subtest: Г2-5: артефакты ×0.5 (bossArtifactMult Half-режим)
ok 543 - Г2-5: артефакты ×0.5 (bossArtifactMult Half-режим)
  ---
  duration_ms: 2.286547
  type: 'test'
  ...
# Subtest: Г2-5: палитра asc-N по N%3 (пепел/кровь/звёзды)
ok 544 - Г2-5: палитра asc-N по N%3 (пепел/кровь/звёзды)
  ---
  duration_ms: 0.482202
  type: 'test'
  ...
# Subtest: Г2-5: инварианты вознесения — сохранено/сброшено (source-контракты)
ok 545 - Г2-5: инварианты вознесения — сохранено/сброшено (source-контракты)
  ---
  duration_ms: 0.204921
  type: 'test'
  ...
# Subtest: Г2-5: интеграции — гейт throne 5/5, кнопка, кейс, ×3 call-site врага, бут-палитра, whitelist
ok 546 - Г2-5: интеграции — гейт throne 5/5, кнопка, кейс, ×3 call-site врага, бут-палитра, whitelist
  ---
  duration_ms: 1.756755
  type: 'test'
  ...
# Subtest: Г4: sanitizeSeason принимает Г4-поля (edicts/order/lastRevoltDay/resource) с клампом
ok 547 - Г4: sanitizeSeason принимает Г4-поля (edicts/order/lastRevoltDay/resource) с клампом
  ---
  duration_ms: 4.201471
  type: 'test'
  ...
# Subtest: Г4: sanitizeSiege stance — whitelist
ok 548 - Г4: sanitizeSiege stance — whitelist
  ---
  duration_ms: 0.635554
  type: 'test'
  ...
# Subtest: Г4: provOrder/provResource дефолты 75/0; revoltRisk 0 при order≥70 или неполной провинции, до 30% при 0
ok 549 - Г4: provOrder/provResource дефолты 75/0; revoltRisk 0 при order≥70 или неполной провинции, до 30% при 0
  ---
  duration_ms: 2.746315
  type: 'test'
  ...
# Subtest: Г4: roll-контракт восстания — Math.random>=0.7 не бунтует (пины симов живы)
ok 550 - Г4: roll-контракт восстания — Math.random>=0.7 не бунтует (пины симов живы)
  ---
  duration_ms: 0.779783
  type: 'test'
  ...
# Subtest: Г4: мультипликаторы — tax ×1.25, levy ×1.5, resources +2%/ед, стойки upkeep/atk/def
ok 551 - Г4: мультипликаторы — tax ×1.25, levy ×1.5, resources +2%/ед, стойки upkeep/atk/def
  ---
  duration_ms: 1.838238
  type: 'test'
  ...
# Subtest: Г4: revolt-задача — normal, без награды, терминальное снятие через chest_open
ok 552 - Г4: revolt-задача — normal, без награды, терминальное снятие через chest_open
  ---
  duration_ms: 2.278116
  type: 'test'
  ...
# Subtest: Г4: провинциальный order — resolveProvinceOrder двигает к эдиктам (клампы), revolt ставит lastRevoltDay+сброс week
ok 553 - Г4: провинциальный order — resolveProvinceOrder двигает к эдиктам (клампы), revolt ставит lastRevoltDay+сброс week
  ---
  duration_ms: 1.405952
  type: 'test'
  ...
# Subtest: Г5-Т3: каталог 48 технологий (6 ветвей × 8 тиров) + 3 идеи-капстоуна, цены валидны
ok 554 - Г5-Т3: каталог 48 технологий (6 ветвей × 8 тиров) + 3 идеи-капстоуна, цены валидны
  ---
  duration_ms: 3.516854
  type: 'test'
  ...
# Subtest: Г5-Т: buyTech — гейты (тир-цепь, очки, ресурсы) и списание
ok 555 - Г5-Т: buyTech — гейты (тир-цепь, очки, ресурсы) и списание
  ---
  duration_ms: 3.783248
  type: 'test'
  ...
# Subtest: Г5-Т: мультипликаторы — полный набор и нейтральный дефолт (симы/пины живы)
ok 556 - Г5-Т: мультипликаторы — полный набор и нейтральный дефолт (симы/пины живы)
  ---
  duration_ms: 1.948086
  type: 'test'
  ...
# Subtest: Г5-Т: techDailyTick — ресурсы +2 (+1 за e3) ТОЛЬКО под Указом о порядке (нейтрал не растёт — канон-пины), кап 999; очки +1/пров при ≥85
ok 557 - Г5-Т: techDailyTick — ресурсы +2 (+1 за e3) ТОЛЬКО под Указом о порядке (нейтрал не растёт — канон-пины), кап 999; очки +1/пров при ≥85
  ---
  duration_ms: 1.080729
  type: 'test'
  ...
# Subtest: Г5-Т2: тиры 5–6 — кросс-требование (5 ← тир 3 в двух других, 6 ← тир 4 в двух других), стеки
ok 558 - Г5-Т2: тиры 5–6 — кросс-требование (5 ← тир 3 в двух других, 6 ← тир 4 в двух других), стеки
  ---
  duration_ms: 2.443025
  type: 'test'
  ...
# Subtest: Г5-Т2: идеи-капстоуны — открытие тиром 6, исключительность навсегда, мультипликаторы
ok 559 - Г5-Т2: идеи-капстоуны — открытие тиром 6, исключительность навсегда, мультипликаторы
  ---
  duration_ms: 3.141344
  type: 'test'
  ...
# Subtest: wave2 \#41/C3: buildDailyEvents — 5 событий, порядок id стабильный
ok 560 - wave2 \#41/C3: buildDailyEvents — 5 событий, порядок id стабильный
  ---
  duration_ms: 1.830516
  type: 'test'
  ...
# Subtest: wave2 \#41: rollDailyEvent — детерминированные пины Math.random (старые 0-4, окно тёмных, restore)
ok 561 - wave2 \#41: rollDailyEvent — детерминированные пины Math.random (старые 0-4, окно тёмных, restore)
  ---
  duration_ms: 1.96503
  type: 'test'
  ...
# Subtest: wave2 \#8: holidayBonus — 01-01 tickMult 1.5 / 10-31 ghostsFree / 09-17 rewardMult 1.1 / прочее null
ok 562 - wave2 \#8: holidayBonus — 01-01 tickMult 1.5 / 10-31 ghostsFree / 09-17 rewardMult 1.1 / прочее null
  ---
  duration_ms: 0.401689
  type: 'test'
  ...
# Subtest: wave2 \#71: dailyGoldGoal — captured 0→50 / 10→150 / 20→200 (кап)
ok 563 - wave2 \#71: dailyGoldGoal — captured 0→50 / 10→150 / 20→200 (кап)
  ---
  duration_ms: 0.582954
  type: 'test'
  ...
# Subtest: wave2 \#55: heroPathInfo — str→Воин, ничья str/end→Страж, agi→Следопыт
ok 564 - wave2 \#55: heroPathInfo — str→Воин, ничья str/end→Страж, agi→Следопыт
  ---
  duration_ms: 0.630957
  type: 'test'
  ...
# Subtest: wave2 \#49: capturedRecoveryPlan — validSave v10: факт=снапшоту→null, порча на 2→восстановить, на 1→null
ok 565 - wave2 \#49: capturedRecoveryPlan — validSave v10: факт=снапшоту→null, порча на 2→восстановить, на 1→null
  ---
  duration_ms: 0.915519
  type: 'test'
  ...
# Subtest: wave2 \#42: weeklyDeltaHtml — другая неделя содержит ↑, та же неделя — пусто
ok 566 - wave2 \#42: weeklyDeltaHtml — другая неделя содержит ↑, та же неделя — пусто
  ---
  duration_ms: 14.717379
  type: 'test'
  ...
# Subtest: wave2 \#95: canCounterSiege — fail+100→true; retried→false; win→false; gold 99→false
ok 567 - wave2 \#95: canCounterSiege — fail+100→true; retried→false; win→false; gold 99→false
  ---
  duration_ms: 0.803147
  type: 'test'
  ...
# Subtest: wave2 контракты: кровь в налогах/XP, праздник в XP, Хэллоуин в призраках, помодоро-ключи, reset контрштурма
ok 568 - wave2 контракты: кровь в налогах/XP, праздник в XP, Хэллоуин в призраках, помодоро-ключи, reset контрштурма
  ---
  duration_ms: 1.146499
  type: 'test'
  ...
# verified: css/style.css index.html PASS (wave3 contracts)
# index.html: PASS
# css/style.css: PASS
# package.json: PASS
# Subtest: wave3 Ф1: siegeAlarmVerdict — <0.9 казармы / ≥1.2 крепка / прочее держимся / NaN нет обороны
ok 569 - wave3 Ф1: siegeAlarmVerdict — <0.9 казармы / ≥1.2 крепка / прочее держимся / NaN нет обороны
  ---
  duration_ms: 3.400566
  type: 'test'
  ...
# Subtest: wave3 Ф1: siegeAlarmPreview — power из SM, def = армия + гарнизоны захваченных, ratio
ok 570 - wave3 Ф1: siegeAlarmPreview — power из SM, def = армия + гарнизоны захваченных, ratio
  ---
  duration_ms: 2.153206
  type: 'test'
  ...
# Subtest: wave3 Ф1: checkSiegeAlarmToast — тост только в дни 0/2, флаг дня не пускает повтор
ok 571 - wave3 Ф1: checkSiegeAlarmToast — тост только в дни 0/2, флаг дня не пускает повтор
  ---
  duration_ms: 1.003051
  type: 'test'
  ...
# Subtest: wave3 Ф1 контракты: панель .siege-alarm при daysToSiege≤2, CSS-класс есть, alarm toast flag в renderStrongholds
ok 572 - wave3 Ф1 контракты: панель .siege-alarm при daysToSiege≤2, CSS-класс есть, alarm toast flag в renderStrongholds
  ---
  duration_ms: 2.324776
  type: 'test'
  ...
# Subtest: wave3 Ф2: totemGoldMult/XpMult/DefMult — волк/сова/медведь, без тотема = 1
ok 573 - wave3 Ф2: totemGoldMult/XpMult/DefMult — волк/сова/медведь, без тотема = 1
  ---
  duration_ms: 3.020601
  type: 'test'
  ...
# Subtest: wave3 Ф2: renderTotemCard — до 1 захвата пусто, chosen-вид, re-choose возвращает выбор
ok 574 - wave3 Ф2: renderTotemCard — до 1 захвата пусто, chosen-вид, re-choose возвращает выбор
  ---
  duration_ms: 1.840262
  type: 'test'
  ...
# Subtest: wave3 Ф2: finishSeason ставит rechoose=true (id сохраняется), requestTotem сбрасывает
ok 575 - wave3 Ф2: finishSeason ставит rechoose=true (id сохраняется), requestTotem сбрасывает
  ---
  duration_ms: 0.417002
  type: 'test'
  ...
# Subtest: wave3 Ф3: towerEnemyPower — base(неделя 1)×1.2^floor
ok 576 - wave3 Ф3: towerEnemyPower — base(неделя 1)×1.2^floor
  ---
  duration_ms: 0.306835
  type: 'test'
  ...
# Subtest: wave3 Ф3: renderTowerCard — 19/20 нет, 20/20 кнопка, та же дата израсходовано, этаж 50 покорён
ok 577 - wave3 Ф3: renderTowerCard — 19/20 нет, 20/20 кнопка, та же дата израсходовано, этаж 50 покорён
  ---
  duration_ms: 1.314574
  type: 'test'
  ...
# Subtest: wave3 Ф3: requestTowerClimb — победа floor+1+100×floor💰, поражение без потерь, флаг в обеих ветках
ok 578 - wave3 Ф3: requestTowerClimb — победа floor+1+100×floor💰, поражение без потерь, флаг в обеих ветках
  ---
  duration_ms: 1.31201
  type: 'test'
  ...
# Subtest: wave3 Ф3 контракты [css/style.css + index.html]: башня в renderStrongholds, экшн-кейс, CSS .tower-card, index.html: единый ?v= ×10
ok 579 - wave3 Ф3 контракты [css/style.css + index.html]: башня в renderStrongholds, экшн-кейс, CSS .tower-card, index.html: единый ?v= ×10
  ---
  duration_ms: 2.321451
  type: 'test'
  ...
# Subtest: package.json: check:ui-скрипт верификации UI-ассетов подключён, JSON валиден
ok 580 - package.json: check:ui-скрипт верификации UI-ассетов подключён, JSON валиден
  ---
  duration_ms: 2.320819
  type: 'test'
  ...
# Subtest: wave3 style.css [/root/neurodeck/css/style.css]: .siege-alarm и .totem-* правила на месте, скобки сбалансированы
ok 581 - wave3 style.css [/root/neurodeck/css/style.css]: .siege-alarm и .totem-* правила на месте, скобки сбалансированы
  ---
  duration_ms: 1.547596
  type: 'test'
  ...
# Subtest: каталог WEEKLY_MODS: 6–8 записей, уникальные id, тексты для UI, mods {incomeMult, upkeepMult, siegeMult} в (0; 3]
ok 582 - каталог WEEKLY_MODS: 6–8 записей, уникальные id, тексты для UI, mods {incomeMult, upkeepMult, siegeMult} в (0; 3]
  ---
  duration_ms: 0.991253
  type: 'test'
  ...
# Subtest: тематические пины §5: «Неделя тумана» и «Неделя жадности» в каталоге; каждая неделя — трейд-офф (множитель ≠ 1)
ok 583 - тематические пины §5: «Неделя тумана» и «Неделя жадности» в каталоге; каждая неделя — трейд-офф (множитель ≠ 1)
  ---
  duration_ms: 0.239163
  type: 'test'
  ...
# Subtest: детерминизм: выбор стабилен между вызовами и пиннут по паре (season, week)
ok 584 - детерминизм: выбор стабилен между вызовами и пиннут по паре (season, week)
  ---
  duration_ms: 0.289849
  type: 'test'
  ...
# Subtest: ротация: сезон 1 недели 1–12 пиннут; за 6 сезонов × 26 недель достижим весь каталог
ok 585 - ротация: сезон 1 недели 1–12 пиннут; за 6 сезонов × 26 недель достижим весь каталог
  ---
  duration_ms: 0.725079
  type: 'test'
  ...
# Subtest: гейт 20/20: endgame=false → все множители 1 даже у «Жадности»; endgame=true → значения каталога
ok 586 - гейт 20/20: endgame=false → все множители 1 даже у «Жадности»; endgame=true → значения каталога
  ---
  duration_ms: 0.658289
  type: 'test'
  ...
# Subtest: robustness: без каталога / пустой каталог / кривые mods → null и 1 (экономика не ломается)
ok 587 - robustness: без каталога / пустой каталог / кривые mods → null и 1 (экономика не ломается)
  ---
  duration_ms: 0.225953
  type: 'test'
  ...
# Subtest: corruptionTick: недельный upkeep перемножается с провинцией одним множителем (паттерн тика app.js)
ok 588 - corruptionTick: недельный upkeep перемножается с провинцией одним множителем (паттерн тика app.js)
  ---
  duration_ms: 0.392024
  type: 'test'
  ...
# Subtest: parity ре-пин C6: (сезон 1, неделя 1) = «Жадность» ×1.3 → 20/20 доход 16117, корона 17729
ok 589 - parity ре-пин C6: (сезон 1, неделя 1) = «Жадность» ×1.3 → 20/20 доход 16117, корона 17729
  ---
  duration_ms: 0.137388
  type: 'test'
  ...
# Subtest: app.js: множители применены ровно в 2 местах каждый (тик+превью / осада+тревога), гварды и гейт на месте
ok 590 - app.js: множители применены ровно в 2 местах каждый (тик+превью / осада+тревога), гварды и гейт на месте
  ---
  duration_ms: 3.528571
  type: 'test'
  ...
# Subtest: P14 формула-пины: компоненты и итог считаются детерминированно из четырёх фактов
ok 591 - P14 формула-пины: компоненты и итог считаются детерминированно из четырёх фактов
  ---
  duration_ms: 1.680719
  type: 'test'
  ...
# Subtest: P14 границы: минимум 54 (полный провал), максимум 400 (S), грейды S/A/B/C/D достижимы
ok 592 - P14 границы: минимум 54 (полный провал), максимум 400 (S), грейды S/A/B/C/D достижимы
  ---
  duration_ms: 0.339836
  type: 'test'
  ...
# Subtest: P14 капы и клампы входов: captures≤5, zeroDays≤8, recoveries≤2, lossesPct∈[0;1]
ok 593 - P14 капы и клампы входов: captures≤5, zeroDays≤8, recoveries≤2, lossesPct∈[0;1]
  ---
  duration_ms: 0.267677
  type: 'test'
  ...
# Subtest: P14 robustness: мусорные входы не бросают и читаются как нули; факты не мутируются
ok 594 - P14 robustness: мусорные входы не бросают и читаются как нули; факты не мутируются
  ---
  duration_ms: 0.309048
  type: 'test'
  ...
# Subtest: P14 форма ответа: {score, grade, parts{4}, max}, score всегда в 50..400
ok 595 - P14 форма ответа: {score, grade, parts{4}, max}, score всегда в 50..400
  ---
  duration_ms: 4.100368
  type: 'test'
  ...
# Subtest: P14 app.js: факт-коллектор из существующих полей + строка при 20/20 в панели сезона за модификатором
ok 596 - P14 app.js: факт-коллектор из существующих полей + строка при 20/20 в панели сезона за модификатором
  ---
  duration_ms: 0.649545
  type: 'test'
  ...
# Subtest: P14 модель: экспорт и чистота формулы (никаких Date/random/каталога в weeklyScore)
ok 597 - P14 модель: экспорт и чистота формулы (никаких Date/random/каталога в weeklyScore)
  ---
  duration_ms: 0.319714
  type: 'test'
  ...
1..597
# tests 597
# suites 0
# pass 597
# fail 0
# cancelled 0
# skipped 0
# todo 0
# duration_ms 8130.596102

